S.No.,track_name,artist(s)_name,released_year,released_month,released_day,in_spotify_playlists,in_spotify_charts,streams,bpm,key,mode,danceability_%,acousticness_%,speechiness_%
0,Seven (feat. Latto) (Explicit Ver.),"Latto, Jung Kook",2023,7,14,553,147,141381703,125,B,Major,80,31,4
1,LALA,Myke Towers,2023,3,23,1474,48,133716286,92,C#,Major,71,7,4
2,vampire,Olivia Rodrigo,2023,6,30,1397,113,140003974,138,F,Major,51,17,6
3,Cruel Summer,Taylor Swift,2019,8,23,7858,100,800840817,170,A,Major,55,11,15
4,WHERE SHE GOES,Bad Bunny,2023,5,18,3133,50,303236322,144,A,Minor,65,14,6
5,Sprinter,"Dave, Central Cee",2023,6,1,2186,91,183706234,141,C#,Major,92,19,24
6,Ella Baila Sola,"Eslabon Armado, Peso Pluma",2023,3,16,3090,50,725980112,148,F,Minor,67,48,3
7,Columbia,Quevedo,2023,7,7,714,43,58149378,100,F,Major,67,37,4
8,fukumean,Gunna,2023,5,15,1096,83,95217315,130,C#,Minor,85,12,9
9,La Bebe - Remix,"Peso Pluma, Yng Lvcas",2023,3,17,2953,44,553634067,170,D,Minor,81,21,33
10,un x100to,"Bad Bunny, Grupo Frontera",2023,4,17,2876,40,505671438,83,F#,Minor,57,23,5
11,Super Shy,NewJeans,2023,7,7,422,55,58255150,150,F,Minor,78,18,7
13,Daylight,David Kushner,2023,4,14,3528,98,387570742,130,D,Minor,51,83,3
15,Kill Bill,SZA,2022,12,8,8109,77,1163093654,89,G#,Major,64,5,4
16,Cupid - Twin Ver.,Fifty Fifty,2023,2,24,2942,77,496795686,120,B,Minor,78,43,3
18,Classy 101,"Feid, Young Miko",2023,3,31,2610,40,335222234,100,B,Major,86,14,16
19,Like Crazy,Jimin,2023,3,24,596,68,363369738,120,G,Major,63,0,4
20,LADY GAGA,"Gabito Ballesteros, Junior H, Peso Pluma",2023,6,22,332,26,86444842,140,F,Minor,65,22,4
21,I Can See You (Taylorï¿½ï¿½ï¿½s Version) (From The ,Taylor Swift,2023,7,7,516,38,52135248,123,F#,Major,69,6,3
23,"Peso Pluma: Bzrp Music Sessions, Vol. 55","Bizarrap, Peso Pluma",2023,5,31,1313,40,200647221,133,F,Minor,85,26,5
24,Popular (with Playboi Carti & Madonna) - The Idol Vol. 1 (Music from the HBO Original Series),"The Weeknd, Madonna, Playboi Carti",2023,6,2,1945,87,115364561,99,C#,Major,85,7,20
25,SABOR FRESA,Fuerza Regida,2023,6,22,250,26,78300654,130,G,Minor,79,9,9
26,Calm Down (with Selena Gomez),"Rï¿½ï¿½ma, Selena G",2022,3,25,7112,77,899183384,107,B,Major,80,43,4
27,MOJABI GHOST,"Tainy, Bad Bunny",2023,6,29,859,40,61245289,122,F#,Minor,81,14,4
28,Last Night,Morgan Wallen,2023,1,31,2420,19,429829812,204,F#,Major,52,46,4
29,Dance The Night (From Barbie The Album),Dua Lipa,2023,5,25,2988,101,127408954,110,B,Minor,67,2,5
30,Rush,Troye Sivan,2023,7,13,864,78,22581161,126,F,Minor,74,0,6
31,TULUM,"Peso Pluma, Grupo Frontera",2023,6,28,266,34,52294266,168,F#,Major,56,39,5
32,Creepin',"The Weeknd, 21 Savage, Metro Boomin",2022,12,2,6036,88,843957510,98,C#,Minor,71,36,5
33,Anti-Hero,Taylor Swift,2022,10,21,9082,56,999748277,97,E,Major,64,12,5
34,TQG,"Karol G, Shakira",2023,2,23,4284,49,618990393,180,E,Minor,72,67,28
36,Frï¿½ï¿½gil (feat. Grupo Front,"Yahritza Y Su Esencia, Grupo Frontera",2023,4,7,672,34,188933502,150,F#,Major,61,37,3
37,Blank Space,Taylor Swift,2014,1,1,11434,53,1355959075,96,F,Major,75,9,6
38,Style,Taylor Swift,2014,1,1,7830,42,786181836,95,D,Major,60,0,4
39,TQM,Fuerza Regida,2023,5,19,584,28,176553476,125,F,Minor,79,27,6
40,El Azul,"Junior H, Peso Pluma",2023,2,10,692,25,354495408,144,A,Minor,56,23,6
41,Sunflower - Spider-Man: Into the Spider-Verse,"Post Malone, Swae Lee",2018,10,9,24094,78,2808096550,90,D,Major,76,54,5
42,I'm Good (Blue),"Bebe Rexha, David Guetta",2022,8,26,12482,80,1109433169,128,G,Minor,56,4,4
43,See You Again,"Tyler, The Creator, Kali Uchis",2017,7,21,13387,64,1047101291,79,F#,Major,56,37,10
45,Angels Like You,Miley Cyrus,2020,11,27,3372,19,570515054,122,F,Major,67,10,3
47,Die For You,The Weeknd,2016,11,24,2483,59,1647990401,134,C#,Minor,59,9,7
48,Starboy,"The Weeknd, Daft Punk",2016,9,21,29536,79,2565529693,186,G,Major,68,16,28
49,Die For You - Remix,"Ariana Grande, The Weeknd",2023,2,24,3408,47,518745108,67,C#,Minor,53,23,7
50,El Cielo,"Feid, Myke Towers, Sky Rompiendo",2023,6,2,1298,38,107753850,106,A#,Minor,72,7,5
51,Baby Don't Hurt Me,"David Guetta, Anne-Marie, Coi Leray",2023,4,6,4277,66,177740666,128,G,Major,60,0,3
52,AMARGURA,Karol G,2023,2,24,1133,39,153372011,107,F#,Minor,92,18,7
53,(It Goes Like) Nanana - Edit,Peggy Gou,2023,6,15,2259,59,57876440,130,G,Minor,67,12,4
56,Moonlight,Kali Uchis,2023,2,24,2649,42,256483385,137,G,Minor,64,51,5
57,La Bachata,Manuel Turizo,2022,5,26,6804,45,1214083358,125,G,Minor,84,58,4
60,Tï¿½ï¿,"dennis, MC Kevin o Chris",2023,5,4,731,15,111947664,130,B,Major,86,50,5
61,Boy's a liar Pt. 2,"PinkPantheress, Ice Spice",2023,2,3,5184,41,156338624,133,F,Major,70,25,5
62,Left and Right (Feat. Jung Kook of BTS),"Charlie Puth, BTS, Jung Kook",2022,6,24,3107,39,720434240,101,D,Major,88,62,3
63,BESO,"Rauw Alejandro, ROSALï¿½",2023,3,24,4053,50,357925728,95,F,Minor,77,74,14
64,Hey Mor,"Ozuna, Feid",2022,10,6,4637,38,674072710,98,C#,Minor,90,0,29
65,Yellow,Chris Molitor,1999,1,1,31358,43,1755214421,173,B,Major,43,0,3
66,Karma,Taylor Swift,2022,10,21,3818,23,404562836,90,G#,Major,64,7,7
67,People,Libianca,2022,12,2,3506,56,373199958,198,A#,Minor,59,55,7
68,Overdrive,Post Malone,2023,7,14,410,36,14780425,140,C#,Major,56,0,4
69,Enchanted (Taylor's Version),Taylor Swift,2023,7,7,148,24,39578178,82,G#,Major,51,1,3
70,BABY HELLO,"Rauw Alejandro, Bizarrap",2023,6,23,1004,35,54266102,130,C#,Minor,77,17,5
72,golden hour,JVKE,2022,7,15,4511,36,751134527,94,C#,Minor,51,65,3
74,"Quevedo: Bzrp Music Sessions, Vol. 52","Bizarrap, Quevedo",2022,7,6,8506,45,1356565093,128,D,Major,62,1,4
75,Viva La Vida,Coldplay,2008,1,1,33898,62,1592909789,138,F,Minor,49,9,3
76,Here With Me,d4vd,2022,7,17,3246,23,635412045,132,E,Major,58,50,3
77,Unholy (feat. Kim Petras),"Sam Smith, Kim Petras",2022,9,22,8576,42,1230675890,131,D,Major,71,1,9
78,Yandel 150,"Yandel, Feid",2022,12,20,3618,38,585695368,168,F#,Minor,78,5,7
79,CORAZï¿½ï¿½N VA,Maria Becerra,2023,6,22,370,20,43857627,98,C#,Major,68,33,6
80,Riptide,Vance Joy,1975,1,1,31123,55,2009094673,102,C#,Major,48,43,4
81,Until I Found You (with Em Beihold) - Em Beihold Version,"Em Beihold, Stephen Sanchez",2022,4,22,2790,30,600976848,101,A#,Major,34,78,3
82,Novidade na ï¿½ï¿,"Mc Livinho, DJ Matt D",2023,6,23,267,9,39709092,130,F,Major,63,76,9
83,Back To December (Taylor's Version),Taylor Swift,2023,7,7,139,17,39228929,142,D,Major,50,1,3
84,STAY (with Justin Bieber),"Justin Bieber, The Kid Laroi",2021,7,9,17050,36,2665343922,170,C#,Major,59,4,5
85,El Merengue,"Marshmello, Manuel Turizo",2023,3,3,2114,44,223633238,124,G#,Minor,78,3,4
87,Me Porto Bonito,"Chencho Corleone, Bad Bunny",2022,5,6,8870,43,1440757818,92,C#,Minor,91,9,8
88,Makeba,Jain,2015,6,22,6060,53,165484133,116,D,Major,82,39,7
89,MONTAGEM - FR PUNK,"Ayparia, unxbected",2012,6,20,641,50,58054811,129,A,Major,63,70,7
90,Fast Car,Luke Combs,2023,3,24,1446,12,157058870,98,G#,Major,71,19,3
91,What It Is (Solo Version),Doechii,2023,3,17,804,25,95131998,172,C#,Minor,74,6,9
92,Coco Chanel,"Bad Bunny, Eladio Carrion",2023,3,17,1962,38,250305248,150,D,Major,68,4,4
93,Donï¿½ï¿½ï¿½t Bl,Taylor Swift,2017,11,8,4875,23,685032533,136,A,Minor,62,11,4
94,Still With You,Jung Kook,2020,6,5,31,39,38411956,88,C#,Minor,53,9,4
95,All My Life (feat. J. Cole),"J. Cole, Lil Durk",2023,5,12,2175,23,144565150,143,D#,Major,83,15,33
96,Say Yes To Heaven,Lana Del Rey,2023,3,17,2000,46,127567540,100,F#,Minor,49,71,3
97,Snooze,SZA,2022,12,9,2839,25,399686758,143,F,Major,56,14,13
98,Summertime Sadness,Lana Del Rey,2011,1,1,20333,52,983637508,112,C#,Minor,56,7,3
99,Take Two,BTS,2023,6,9,674,47,118482347,93,G,Major,62,3,3
100,Lover,Taylor Swift,2012,1,1,8448,23,882831184,206,G,Major,43,50,10
101,Too Many Nights (feat. Don Toliver & with Future),"Future, Metro Boomin, Don Toliver",2022,12,2,2110,58,286400165,88,G,Minor,68,15,5
102,Chemical,Post Malone,2023,4,14,2528,39,172825906,170,D,Major,50,0,5
103,Mockingbird,Eminem,2004,1,1,12985,61,1241559043,84,E,Minor,62,21,28
104,New Jeans,NewJeans,2023,7,7,77,35,29562220,134,E,Minor,81,51,5
105,Primera Cita,Carin Leon,2022,4,20,266,27,77309611,158,A#,Major,54,61,6
106,Cold Heart - PNAU Remix,"Dua Lipa, Elton John, Pnau",2017,11,10,21097,52,1605224506,116,C#,Major,80,4,3
107,Dandelions,Ruth B.,2017,4,28,3423,21,1116995633,117,C#,Major,61,2,3
108,Bones,Imagine Dragons,2021,3,11,4198,44,838079900,114,F,Minor,77,2,5
109,Set Fire to the Rain,Adele,2011,1,1,14739,43,1163620694,108,D,Minor,61,0,3
110,Money Trees,"Kendrick Lamar, Jay Rock",2012,1,1,26792,32,1093605526,144,E,Minor,74,7,10
111,Tak Segampang Itu,Anggi Marito,2022,12,2,213,6,179659294,130,F,Major,51,76,3
112,LAGUNAS,"Jasiel Nuï¿½ï¿½ez, Peso P",2023,6,22,58,18,39058561,116,B,Major,77,33,3
113,Mine (Taylor's Version),Taylor Swift,2023,7,7,99,15,36912123,121,G,Major,65,0,4
114,Everybody Wants To Rule The World,Tears For Fears,1985,2,17,41751,25,1205951614,112,G,Major,64,36,6
115,No Role Modelz,J. Cole,2014,12,9,21164,36,1791000570,100,A#,Minor,70,30,33
116,Tattoo,Loreen,2023,2,25,2988,59,201660859,150,D#,Minor,55,24,8
117,Rara Vez,"Taiu, Milo j",2023,2,8,893,38,248088961,120,F,Minor,84,18,17
118,VAGABUNDO,"Sebastian Yatra, Manuel Turizo, Beï¿½ï",2023,5,12,1094,34,90839753,127,B,Minor,82,4,6
119,august,Taylor Swift,2020,7,24,7324,22,607123776,90,F,Major,51,53,3
120,LUNA,"Junior H, Peso Pluma",2023,6,22,201,11,55842345,128,A,Minor,75,33,4
121,Miracle (with Ellie Goulding),"Calvin Harris, Ellie Goulding",2023,3,10,5120,48,211050784,143,A,Major,64,4,4
122,Nonsense,Sabrina Carpenter,2022,7,15,2346,27,342897938,139,G#,Major,74,3,4
123,Que Vuelvas,"Carin Leon, Grupo Frontera",2022,12,9,763,26,2762,162,A#,Major,49,19,4
125,Feliz Cumpleaï¿½ï¿½os Fe,Feid,2022,8,19,3430,38,601863821,95,F,Major,87,10,7
126,Can't Hold Us (feat. Ray Dalton),"Ray Dalton, Ryan Lewis, Macklemore",2011,8,16,6074,52,1953533826,146,D,Major,63,3,8
128,lovely - Bonus Track,"Billie Eilish, Khalid",2017,8,11,15032,30,2355719893,115,E,Minor,35,93,3
129,"Rauw Alejandro: Bzrp Music Sessions, Vol. 56","Rauw Alejandro, Bizarrap",2023,6,21,871,32,66902503,128,B,Major,78,10,5
130,Queencard,(G)I-DLE,2023,5,15,451,33,96273746,130,E,Minor,82,3,5
131,OMG,NewJeans,2023,1,2,1783,27,430977451,127,A,Minor,80,36,4
132,Radio,Lana Del Rey,2011,1,1,9389,46,284819874,150,D,Major,42,21,9
133,"Shakira: Bzrp Music Sessions, Vol. 53","Shakira, Bizarrap",2023,1,11,5724,44,721975598,122,D,Minor,78,27,5
136,Trance (with Travis Scott & Young Thug),"Travis Scott, Young Thug, Metro Boomin",2022,12,2,1682,46,276259178,119,C#,Minor,75,18,34
137,"Tere Vaaste (From ""Zara Hatke Zara Bachke"")","Sachin-Jigar, Shadab Faridi, Altamash Faridi, Amitabh Bhattacharya, Varun Jain",2023,5,22,182,8,54225632,110,G,Minor,76,32,4
138,Perfect,Ed Sheeran,2017,1,1,16596,13,2559529074,95,G#,Major,60,16,2
139,Romantic Homicide,d4vd,2022,7,20,2335,23,681583126,132,F#,Major,56,45,3
140,Believer,Imagine Dragons,2017,1,31,18986,23,2594040133,125,A#,Minor,77,4,11
141,Novo Balanï¿½,"Veigh, Bvga Beatz, Supernova Ent, Prod Malax",2023,5,19,283,7,81102253,124,D#,Minor,84,67,6
142,"Gol Bolinha, Gol Quadrado 2","Mc Pedrinho, DJ 900",2023,6,1,293,8,11956641,133,B,Minor,93,42,25
143,Without Me,Eminem,2002,1,1,21081,43,1687664027,112,G,Major,92,0,9
145,Stargirl Interlude,"The Weeknd, Lana Del Rey",2016,11,24,1275,32,611700552,90,F,Minor,59,38,11
146,Ojitos Lindos,"Bomba Estï¿½ï¿½reo, Bad B",2022,5,6,6135,38,1133865788,80,D#,Minor,65,8,4
147,Somewhere Only We Know,Keane,2004,1,1,20015,16,1089402494,172,A,Major,45,6,3
148,Those Eyes,New West,2019,5,10,1507,14,411747614,120,E,Major,60,73,3
149,El Gordo Trae El Mando,Chino Pacas,2023,1,27,539,21,255932395,140,G,Minor,74,18,5
150,Mi Bello Angel,Natanael Cano,2023,6,30,86,8,31873544,128,A,Minor,81,1,5
153,Nosso Quadro,"Ana Castela, AgroPlay",2023,2,2,894,9,233801632,160,A,Major,69,33,20
154,Locked Out Of Heaven,Bruno Mars,2012,12,5,1622,9,1481349984,144,F,Major,73,6,5
155,Un Finde | CROSSOVER #2,"Big One, FMK, Ke personajes",2023,4,4,561,14,142095275,192,B,Major,50,11,6
157,Counting Stars,OneRepublic,2013,1,1,29215,43,2011464183,122,C#,Minor,66,6,4
160,PRC,"Natanael Cano, Peso Pluma",2023,1,23,961,26,436027885,138,G,Minor,78,10,5
162,One Dance,"Drake, WizKid, Kyla",2016,4,4,43257,24,2713922350,104,C#,Major,77,1,5
163,Enchanted,Taylor Swift,2010,1,1,4564,16,621660989,164,G#,Major,45,8,3
165,Sure Thing,Miguel,2010,5,25,13801,19,950906471,81,B,Minor,68,3,10
166,Every Breath You Take - Remastered 2003,The Police,1983,1,6,22439,19,1593270737,117,C#,Major,82,54,3
167,The Night We Met,Lord Huron,2015,2,2,18515,35,1410088830,174,D,Major,45,97,4
168,We Found Love,"Rihanna, Calvin Harris",2011,1,1,36843,21,1235005533,128,C#,Major,73,3,4
170,Let Me Down Slowly,Alec Benjamin,2018,5,25,5897,19,1374581173,150,C#,Minor,65,73,3
171,"Am I Dreaming (Metro Boomin & A$AP Rocky, Roisee)","A$AP Rocky, Metro Boomin, Roisee",2023,6,2,727,16,94186466,90,A,Minor,60,4,4
172,Do I Wanna Know?,Arctic Monkeys,2013,1,1,33783,26,1788326445,85,F,Major,55,17,3
173,Demons,Imagine Dragons,2012,1,1,26694,13,1840364617,180,D#,Major,33,20,5
174,ýýýýýýýýýýýý,YOASOBI,2023,4,12,356,16,143573775,166,C#,Major,57,11,9
175,Reminder,The Weeknd,2016,11,25,6518,17,684675814,160,G#,Major,71,16,22
176,Shake It Off,Taylor Swift,2014,1,1,21335,13,1113838873,160,G,Major,65,5,16
177,Why'd You Only Call Me When You're High?,Arctic Monkeys,2013,1,1,23389,29,1267333350,92,D,Major,70,4,4
179,Shape of You,Ed Sheeran,2017,1,6,32181,10,3562543890,96,C#,Minor,83,58,8
182,Creep,Radiohead,1992,9,21,36724,7,1271293243,92,G,Major,53,1,4
183,Car's Outside,James Arthur,2019,10,18,794,10,265882712,150,A,Major,34,4,3
184,Apocalypse,Cigarettes After Sex,2017,3,21,13091,17,841749534,94,F,Major,37,2,3
185,Cheques,Shubh,2023,5,19,67,8,47956378,90,E,Minor,74,26,5
186,Pink + White,Frank Ocean,2016,8,20,21574,30,806397070,160,A,Major,54,67,11
188,Just The Way You Are,Bruno Mars,2010,1,1,21106,13,1641426668,109,F,Major,63,1,5
189,Take Me To Church,Hozier,2013,9,13,23804,31,2135158446,129,E,Minor,57,63,5
190,Bebe Dame,"Fuerza Regida, Grupo Frontera",2022,12,16,849,22,367316268,157,G,Major,54,30,5
191,You Belong With Me (Taylorï¿½ï¿½ï¿½s Ve,Taylor Swift,2021,4,9,2619,12,350381515,130,F#,Major,63,5,3
192,Titi Me Preguntï¿,Bad Bunny,2022,5,6,9037,42,1264310836,107,F,Minor,65,10,25
193,Better Than Revenge (Taylor's Version),Taylor Swift,2023,7,7,86,11,30343206,146,B,Minor,50,0,8
194,Shut up My Moms Calling,Hotel Ugly,2020,2,10,1788,14,405136812,139,A,Minor,48,32,10
196,Es un Secreto,Plan B,2010,7,20,492,36,540654286,95,F#,Minor,84,12,4
197,POLARIS - Remix,"Feid, Mora, Saiko, Quevedo",2023,6,8,773,33,57312735,170,G#,Minor,62,15,7
198,Ditto,NewJeans,2022,12,19,1154,22,397582059,134,F#,Minor,81,3,11
199,Take On Me,a-ha,1984,10,19,44927,17,1479115056,84,F#,Minor,57,2,5
200,"Annihilate (Spider-Man: Across the Spider-Verse) (Metro Boomin & Swae Lee, Lil Wayne, Offset)","Swae Lee, Lil Wayne, Offset, Metro Boomin",2023,6,2,551,4,86773632,146,B,Minor,61,21,6
201,"Angel Pt 1 (feat. Jimin of BTS, JVKE & Muni Long)","Kodak Black, NLE Choppa, Muni Long, JVKE, Jimin",2023,5,1,577,14,133753727,74,A#,Minor,53,11,28
202,Acrï¿½ï¿½s,Shakira,2023,5,11,955,29,123124076,144,B,Major,75,84,12
203,AMG,"Natanael Cano, Gabito Ballesteros, Peso Pluma",2022,11,24,995,19,463564958,136,B,Minor,77,15,10
204,"Phir Aur Kya Chahiye (From ""Zara Hatke Zara Bachke"")","Arijit Singh, Sachin-Jigar, Amitabha Bhattacharya",2023,5,15,178,6,64533040,100,E,Major,56,53,4
205,S-Class,Stray Kids,2023,6,2,290,19,65496046,105,F,Minor,89,9,33
206,Hits Different,Taylor Swift,2023,5,26,547,0,68616963,106,F,Major,67,15,4
207,Chanel,"Becky G, Peso Pluma",2023,3,30,681,10,161460990,132,D,Major,85,40,4
208,Self Love (Spider-Man: Across the Spider-Verse) (Metro Boomin & Coi Leray),"Metro Boomin, Coi Leray",2023,6,2,332,5,70106975,120,A,Major,78,21,5
209,Area Codes,"Kaliii, Kaliii",2023,3,17,1197,13,113509496,155,C#,Major,82,2,49
210,Abcdario,"Junior H, Eden Muï¿½ï",2023,5,13,262,5,89933133,129,G#,Major,70,78,3
211,Obsessed,"Abhijay Sharma, Riar Saab",2022,9,29,161,6,71007139,135,F,Minor,80,62,9
212,Piï¿½ï¿½man Deï¿,"Semicenk, Doï¿½ï¿½u ",2023,6,2,185,3,43522589,98,A#,Minor,73,28,13
213,FLOWER,JISOO,2023,3,31,839,18,232896922,124,A,Minor,84,3,4
214,"All The Way Live (Spider-Man: Across the Spider-Verse) (Metro Boomin & Future, Lil Uzi Vert)","Future, Lil Uzi Vert, Metro Boomin",2023,6,2,259,0,37126685,135,A,Minor,77,18,15
215,Eyes Closed,Ed Sheeran,2023,3,23,2915,30,195576623,107,D,Major,78,30,6
216,Escapism.,"RAYE, 070 Shake",2022,10,12,5129,25,532336353,96,D,Major,54,14,11
217,La Jumpa,"Arcangel, Bad Bunny",2022,11,30,3794,34,538115192,123,G#,Major,71,30,19
218,Karma (feat. Ice Spice),"Taylor Swift, Ice Spice",2023,5,26,588,0,46142772,90,G#,Major,62,6,6
219,Superhero (Heroes & Villains) [with Future & Chris Brown],"Future, Chris Brown, Metro Boomin",2022,12,2,2959,16,401036314,117,F,Minor,72,14,21
220,Las Morras,"BLESSD, Peso Pluma",2023,4,4,291,8,127026613,133,A,Minor,78,31,4
221,CHORRITO PA LAS ANIMAS,Feid,2022,12,2,2321,36,345031710,96,G#,Minor,74,11,6
222,Ch y la Pizza,"Fuerza Regida, Natanael Cano",2022,12,1,536,10,288101651,149,G#,Major,66,40,13
223,Snow On The Beach (feat. More Lana Del Rey),"Lana Del Rey, Taylor Swift",2023,5,26,359,2,60350538,110,F#,Minor,66,81,3
224,Players,Coi Leray,2022,11,30,4096,6,335074782,105,F#,Major,95,3,16
225,Bite Me,ENHYPEN,2023,5,22,349,69,76767396,105,C#,Major,80,28,14
226,Stand By Me (feat. Morgan Wallen),"Lil Durk, Morgan Wallen",2023,5,26,381,5,46065667,134,B,Major,76,6,3
227,Normal,Feid,2022,7,8,2461,36,459276435,170,E,Minor,71,4,12
228,Hummingbird (Metro Boomin & James Blake),"James Blake, Metro Boomin",2023,6,2,277,1,39666245,81,F#,Major,59,46,13
229,Seu Brilho Sumiu - Ao Vivo,"Israel & Rodolffo, Mari Fernandez",2023,3,1,967,5,138517666,154,F#,Major,63,31,5
230,Bad Habit,Steve Lacy,2022,6,29,8186,12,822633917,169,C#,Major,69,63,4
231,CUFF IT,Beyoncï¿,2022,7,29,7842,10,595900742,115,G,Major,78,4,14
232,Lilith (feat. SUGA of BTS) (Diablo IV Anthem),"Halsey, Suga",2023,6,5,215,6,51985779,84,A,Minor,43,1,8
233,69,"Nicky Jam, Feid",2023,5,18,1134,22,57945987,93,G#,Major,79,11,23
234,Niï¿½ï¿½a Bo,"Sean Paul, Feid",2023,4,21,1305,34,115010040,91,G,Major,82,10,15
235,Search & Rescue,Drake,2023,4,7,2066,6,175097833,142,A#,Minor,82,6,7
236,AMERICA HAS A PROBLEM (feat. Kendrick Lamar),"Kendrick Lamar, Beyoncï¿",2023,5,19,896,0,57089066,126,C#,Major,78,1,4
237,Lavender Haze,Taylor Swift,2022,10,21,3763,8,488386797,97,A#,Major,73,26,8
238,"Link Up (Metro Boomin & Don Toliver, Wizkid feat. BEAM & Toian) - Spider-Verse Remix (Spider-Man: Across the Spider-Verse )","WizKid, Toian, Metro Boomin, Don Toliver, Beam",2023,6,2,197,0,32761689,101,F,Major,92,41,8
239,Efecto,Bad Bunny,2022,5,6,4004,33,1047480053,98,G,Minor,80,14,5
240,Erro Gostoso - Ao Vivo,Simone Mendes,2023,1,27,984,5,153454328,154,F#,Major,59,18,9
241,Cupido,Tini,2023,2,14,1240,24,217672943,120,A,Major,91,52,22
242,Just Wanna Rock,Lil Uzi Vert,2022,10,17,3995,13,457184829,150,B,Major,49,7,3
244,Until I Found You,Stephen Sanchez,2021,9,1,4427,4,726434358,202,A#,Major,34,69,4
245,Rich Flex,"Drake, 21 Savage",2022,11,4,4657,18,573633020,153,B,Minor,56,5,24
246,Easy On Me,Adele,2021,10,14,10195,20,1406111294,142,F,Major,60,58,3
247,Cartï¿½ï¿½o B,"MC Caverinha, KayBlack",2023,5,11,269,4,71573339,108,A,Minor,84,26,64
248,Danger (Spider) (Offset & JID),"Offset, JID",2023,6,2,214,0,24975653,143,B,Major,83,4,12
249,Oi Balde - Ao Vivo,Zï¿½ï¿½ Neto & Crist,2023,2,14,845,2,145458418,108,D,Major,67,60,5
250,The Real Slim Shady,Eminem,2000,1,1,20763,27,1424589568,104,F,Minor,95,3,6
251,MERCHO,"Migrantes, LiL CaKe, Nico Valdi",2022,12,16,1267,20,231332117,93,F#,Minor,84,43,11
252,The Color Violet,Tory Lanez,2021,12,10,2585,32,415932686,105,F#,Minor,65,16,5
253,Glimpse of Us,Joji,2022,6,10,6330,6,988515741,170,G#,Major,44,89,5
254,Mejor Que Yo,"Mambo Kingz, DJ Luian, Anuel Aa",2023,5,4,675,1,50847624,178,C#,Minor,62,18,5
255,Curtains,Ed Sheeran,2023,5,5,715,0,39893489,176,F#,Minor,50,10,5
256,UNFORGIVEN (feat. Nile Rodgers),"Nile Rodgers, LE SSERAFIM",2023,5,1,327,13,92035115,104,E,Minor,80,11,5
257,Haegeum,Agust D,2023,4,21,244,12,118810253,85,G,Major,70,31,30
258,Conexï¿½ï¿½es de Mï¿½ï¿½fia (feat. Rich ,"Rich The Kid, Matuï¿",2023,4,30,385,4,77233241,117,F#,Minor,77,39,5
260,Never Felt So Alone,Labrinth,2023,4,7,1730,3,117747907,98,F,Major,44,50,5
261,X SI VOLVEMOS,"Karol G, Romeo Santos",2023,2,2,2127,33,266624541,178,C#,Minor,79,34,25
262,ceilings,Lizzy McAlpine,2022,4,8,3242,9,293186992,148,A,Major,51,48,3
263,Cupid,Fifty Fifty,2023,2,24,526,10,139681964,120,D,Major,77,65,3
264,I AM,IVE,2023,4,10,366,15,123132751,122,E,Minor,68,1,5
265,Cupid ï¿½ï¿½ï¿½ Twin Ver. (FIFTY FIFTY) ï¿½ï¿½ï¿½ Spe,sped up 8282,1997,1,1,472,2,103762518,144,F,Major,74,42,4
266,Shorty Party,"Cartel De Santa, La Kelly",2023,3,4,432,12,162887075,96,D,Major,93,33,36
267,Super,SEVENTEEN,2023,4,24,271,12,91221625,137,G#,Major,77,16,9
268,Slut Me Out,NLE Choppa,2022,4,22,816,4,190490915,121,F#,Minor,94,12,42
269,Double Fantasy (with Future),"The Weeknd, Future",2023,4,21,1169,0,96180277,119,A,Minor,60,1,3
270,All Of The Girls You Loved Before,Taylor Swift,2019,8,23,1282,6,185240616,96,D,Major,72,71,4
271,PROVENZA,Karol G,2022,4,21,6587,34,885093467,111,C#,Major,87,66,5
272,Princess Diana (with Nicki Minaj),"Nicki Minaj, Ice Spice",2023,4,14,1444,4,104992946,148,A,Major,90,14,19
273,Di Que Si,"Grupo Marca Registrada, Grupo Frontera",2023,2,3,356,10,147290338,182,A,Major,57,8,5
275,Igualito a Mi Apï¿,"Fuerza Regida, Peso Pluma",2022,12,30,265,6,158950978,145,E,Minor,76,19,9
276,Shoong! (feat. LISA of BLACKPINK),"TAEYANG, Lisa",2023,4,25,351,9,76910644,110,B,Minor,76,1,6
277,Komang,Raim Laode,2022,8,16,158,4,137123880,134,G,Major,70,41,3
278,DESPECHï¿,ROSALï¿½,2022,7,28,7613,33,782369383,130,G,Major,92,18,10
279,Made You Look,Meghan Trainor,2022,10,21,3956,6,502574952,145,A#,Major,84,35,7
280,Watch This - ARIZONATEARS Pluggnb Remix,"sped up nightcore, ARIZONATEARS, Lil Uzi Vert",2023,2,5,1638,10,207033255,130,B,Minor,69,1,4
282,Punto G,Quevedo,2022,11,4,1985,35,381161027,92,B,Minor,75,25,15
283,Lovers Rock,TV Girl,2014,6,5,6339,13,466231982,105,F,Minor,56,0,4
284,METAMORPHOSIS,INTERWORLD,2021,11,25,1561,24,357580552,175,G,Minor,59,43,10
285,Mami Chula,"Quevedo, Jhayco",2023,4,27,875,4,61105704,120,G,Minor,80,22,4
286,En Paris,"El Chachito, Junior H",2022,12,24,406,5,198275403,139,D#,Minor,70,37,5
288,I Was Never There,"The Weeknd, Gesaffelstein",2018,3,29,4188,15,705469769,114,A#,Major,32,14,3
289,Don't ever say love me (feat. RM of BTS),"RM, Colde",2023,5,4,105,0,34502215,145,B,Minor,54,36,5
291,Gato de Noche,"Nengo Flow, Bad Bunny",2022,12,22,2651,30,304118600,94,G#,Major,89,17,16
292,Call Out My Name,The Weeknd,2018,3,29,11087,6,1449799467,134,C#,Major,45,21,4
293,Like Crazy (English Version),Jimin,2023,3,24,373,19,173627354,120,G,Major,62,0,4
294,Rosa Pastel,"Jasiel Nuï¿½ï¿½ez, Peso P",2023,2,2,200,4,90025258,123,G,Minor,70,24,4
295,Sunroof,"Nicky Youre, Dazy",2021,12,3,3741,17,652704649,131,A#,Major,77,35,4
296,Lose Yourself - Soundtrack Version,Eminem,2002,1,1,32502,21,1829992958,171,D,Major,70,1,26
297,Superman,"Eminem, Dina Rae",2002,5,26,7615,14,655466831,130,E,Minor,80,2,6
298,Mas Rica Que Ayer,"Mambo Kingz, DJ Luian, Anuel Aa",2023,3,2,1208,34,146409671,94,B,Major,82,34,8
299,People Pt.2 (feat. IU),"IU, Agust D",2023,4,7,209,4,95816024,89,G,Minor,73,39,6
300,REMIX EXCLUSIVO,Feid,2023,3,17,1235,9,117206995,87,F,Minor,65,4,20
301,"Arcï¿½ï¿½ngel: Bzrp Music Sessions, Vol","Arcangel, Bizarrap",2023,3,22,654,3,100409613,124,B,Minor,72,55,30
302,DOGTOOTH,"Tyler, The Creator",2023,3,27,1479,0,80758350,78,G#,Major,71,51,32
303,10:35,"Tiï¿½ï¿½sto, Tate M",2022,11,1,4942,26,325592432,120,G#,Major,70,7,10
304,SORRY NOT SORRY,"Tyler, The Creator",2023,3,31,709,0,58473276,96,F#,Minor,48,40,20
305,HAPPY,NF,2023,3,25,660,0,52722996,106,G,Major,73,31,4
306,La Bebe,Yng Lvcas,2021,12,24,489,17,191945597,170,D,Minor,78,62,35
307,I Know - PR1SVX Edit,"Kanii, PR1ISVX",2023,3,24,407,0,77377503,134,B,Minor,67,8,7
308,Late Night Talking,Harry Styles,2022,5,20,7461,8,743693613,115,A#,Major,71,30,5
309,Leï¿½,Marï¿½ï¿½lia Mendo,2022,12,9,993,4,267789608,130,F#,Major,74,45,3
311,Something in the Orange,Zach Bryan,2022,4,22,3282,12,449701773,110,G,Major,59,42,3
312,VOID,Melanie Martinez,2023,3,29,596,0,67070410,100,A,Major,72,18,4
313,Dijeron Que No La Iba Lograr,"Fuerza Regida, Chino Pacas",2023,3,14,320,6,116334601,142,G,Minor,70,26,7
315,If We Ever Broke Up,Mae Stephens,2023,2,10,2040,4,165584767,116,G,Major,90,62,4
316,You Proof,Morgan Wallen,2022,5,13,2128,9,367814306,120,A,Major,73,25,3
317,LA INOCENTE,"Feid, Mora",2022,4,1,2598,37,477033549,92,F,Minor,76,31,6
318,Malas Decisiones,Kenia OS,2022,10,26,542,2,156214700,110,G#,Minor,81,5,3
319,Murder In My Mind,Kordhell,2022,1,21,2459,20,448843705,120,A#,Major,71,1,11
321,CAIRO,"Karol G, Ovy On The Drums",2022,11,13,2418,26,294352144,115,F,Minor,95,47,31
322,I Love You So,The Walters,2014,11,28,7536,7,972164968,76,A#,Major,58,65,4
323,Dark Red,Steve Lacy,2017,2,20,10431,7,920045682,172,F#,Major,60,45,6
324,Say You Won't Let Go,James Arthur,2016,9,9,15722,16,2420461338,99,A#,Major,40,69,5
326,Heart To Heart,Mac DeMarco,2019,5,10,1640,0,244658767,150,G#,Minor,90,67,10
327,Peaches (from The Super Mario Bros. Movie),Jack Black,2023,4,7,34,0,68216992,92,A#,Minor,71,79,5
328,Marisola - Remix,"Duki, NICKI NICOLE, Cris Mj, Standly, Stars Music Chile",2022,12,15,1845,16,223582566,95,C#,Major,77,17,5
329,LOKERA,"Brray, Rauw Alejandro, Lyanno",2022,7,25,3301,30,471819764,102,B,Minor,83,21,5
331,Numb,Linkin Park,2003,3,24,20111,5,1361425037,110,A,Major,50,0,4
333,on the street (with J. Cole),"j-hope, J. Cole",2023,3,3,615,2,116599790,94,B,Minor,68,53,13
334,One Thing At A Time,Morgan Wallen,2022,12,2,811,4,148469433,142,G,Major,61,0,3
335,Miss You,"Robin Schulz, Oliver Tree",2022,8,5,5730,10,497225336,145,F#,Minor,59,1,5
336,Ainï¿½ï¿½ï¿½t Tha,Morgan Wallen,2023,3,3,356,4,88791109,121,F#,Minor,64,0,3
337,Thinkinï¿½ï¿½ï¿½ B,Morgan Wallen,2023,3,3,604,6,125917280,140,D#,Minor,66,49,3
338,Private Landing (feat. Justin Bieber & Future),"Don Toliver, Future, Justin Bieber",2023,2,23,1190,0,105062254,137,C#,Minor,84,8,6
339,Everything I Love,Morgan Wallen,2023,1,31,579,0,95623148,104,G#,Major,56,0,3
340,Heaven,Niall Horan,2023,2,17,1553,2,144584800,92,F,Major,57,7,3
341,LET GO,Central Cee,2022,12,15,2301,20,298063749,146,D,Minor,74,86,38
342,Sial,Mahalini,2023,1,23,134,4,166570053,120,D,Major,56,89,4
343,I Wrote The Book,Morgan Wallen,2023,1,31,430,0,83021468,144,D,Major,68,9,4
344,"Apna Bana Le (From ""Bhediya"")","Arijit Singh, Sachin-Jigar",2022,11,5,86,0,139836056,94,A,Major,59,80,3
345,SPIT IN MY FACE!,ThxSoMch,2022,10,31,629,14,303216294,94,G#,Major,73,5,6
346,PLAYA DEL INGLï¿½,"Myke Towers, Quevedo",2022,12,15,1701,15,221409663,113,G,Minor,79,8,5
347,Man Made A Bar (feat. Eric Church),"Morgan Wallen, Eric Church",2023,3,3,329,0,58890931,148,E,Major,50,12,3
348,Red Ruby Da Sleeze,Nicki Minaj,2023,3,3,1168,0,81419389,98,C#,Major,70,12,26
349,Kahani Suno 2.0,Kaifi Khalil,2022,5,31,162,6,156777415,140,B,Major,58,91,4
350,Nobody Gets Me,SZA,2022,12,9,2536,6,284908316,100,G,Major,36,81,3
351,PERO Tï¿,"Karol G, Quevedo",2023,2,23,387,11,93438910,140,F#,Major,86,39,29
352,Hype Boy,NewJeans,2022,8,1,892,17,363472647,100,E,Minor,59,27,23
353,Bloody Mary,Lady Gaga,2011,1,1,3909,0,372476382,100,A,Minor,59,2,3
355,ýýý98 Braves,Morgan Wallen,2023,3,3,282,0,56533272,142,D,Major,49,10,3
356,WANDA,Quevedo,2023,1,20,888,22,175399345,176,E,Minor,72,25,7
357,Thought You Should Know,Morgan Wallen,2022,5,6,968,4,203221468,140,F#,Major,53,49,3
358,In The End,Linkin Park,2000,10,24,25065,6,1624165576,105,D#,Minor,55,1,6
359,Zona De Perigo,Leo Santana,2022,12,8,531,4,134294498,135,F,Major,81,75,3
360,Lovezinho,Treyce,2022,7,28,242,0,70069745,128,E,Minor,82,30,4
361,I Like You (A Happier Song) (with Doja Cat),"Post Malone, Doja Cat",2022,6,3,5281,14,609293408,101,F,Major,74,12,7
362,Neverita,Bad Bunny,2022,5,6,2590,30,671365962,122,A#,Major,88,7,5
364,Sem Alianï¿½ï¿½a no ,"MC Xenon, Os Gemeos da Putaria",2022,12,23,454,4,93587665,83,C#,Major,53,73,33
365,Enemy (with JID) - from the series Arcane League of Legends,"Imagine Dragons, League of Legends, JID, Arcane",2021,9,3,6180,7,1223481149,77,B,Minor,72,24,28
366,Revenge,XXXTENTACION,2017,8,25,3600,11,1022258230,140,B,Minor,75,78,26
367,Bombonzinho - Ao Vivo,"Israel & Rodolffo, Ana Castela",2022,11,3,1254,6,263453310,158,C#,Major,65,31,5
368,LA CANCIï¿½,"J Balvin, Bad Bunny",2019,6,28,6398,31,1435127549,176,G,Major,75,15,32
369,Quï¿½ï¿½ Ago,"Yuridia, Angela Aguilar",2022,10,20,660,15,236857112,98,B,Major,73,56,2
370,Love Again,The Kid Laroi,2023,1,27,1283,0,147538971,107,B,Minor,66,72,3
371,After Hours,The Weeknd,2020,2,19,8084,6,698086140,109,F,Minor,66,10,3
372,About Damn Time,Lizzo,2022,7,15,2332,2,723894473,109,A#,Minor,84,10,7
374,ýýýýýýýýýýýýýýýýýýýýý,Fujii Kaze,2020,5,20,685,14,403097450,158,F#,Minor,60,17,5
375,Besos Moja2,"Wisin & Yandel, ROSALï¿½",2022,9,29,2460,13,309483971,94,F,Minor,74,6,6
376,Maan Meri Jaan,King,2022,10,12,288,6,319566866,96,F#,Minor,70,35,4
377,Moscow Mule,Bad Bunny,2022,5,6,4572,33,909001996,100,F,Minor,80,29,3
378,My Universe,"Coldplay, BTS",2021,9,24,6127,13,1061966512,105,A,Major,58,1,4
380,LLYLM,ROSALï¿½,2023,1,27,1838,0,124988687,170,F#,Minor,56,13,27
382,TRUSTFALL,P!nk,2023,1,27,2098,16,134255790,122,G#,Major,64,0,9
383,ANTIFRAGILE,LE SSERAFIM,2022,10,17,761,12,301051721,105,A#,Minor,88,8,8
384,Boy's a liar,PinkPantheress,2022,11,30,1225,0,156338624,133,F,Major,66,25,4
386,Shirt,SZA,2022,10,28,3469,0,309653982,120,D#,Minor,82,15,10
387,Lift Me Up - From Black Panther: Wakanda Forever - Music From and Inspired By,Rihanna,2022,10,28,3311,0,297328960,177,A,Major,25,90,3
388,STAR WALKIN' (League of Legends Worlds Anthem),Lil Nas X,2022,9,22,2616,0,332506354,142,D,Minor,64,15,5
389,"Sex, Drugs, Etc.",Beach Weather,2016,11,4,3006,16,480507035,144,E,Minor,57,1,4
390,Boy With Luv (feat. Halsey),"Halsey, BTS",2019,4,12,4260,0,1065580332,120,B,Minor,65,9,10
391,"Hey, Mickey!",Baby Tate,2016,9,27,482,0,122763672,135,D,Major,92,55,6
393,Jhoome Jo Pathaan,"Arijit Singh, Vishal Dadlani, Sukriti Kakar, Vishal-Shekhar, Shekhar Ravjiani, Kumaar",2022,12,22,138,4,1365184,105,G,Major,82,10,7
394,Escapism. - Sped Up,"RAYE, 070 Shake",2022,11,25,1368,0,184308753,108,F#,Minor,44,9,20
397,Te Felicito,"Shakira, Rauw Alejandro",2022,4,21,4796,9,606361689,174,F,Major,70,23,32
398,Muï¿½ï¿½,"Steve Aoki, Tini, La Joaqui",2023,1,12,658,6,120972253,90,A#,Minor,68,3,8
399,TV,Billie Eilish,2022,7,21,3009,2,338564981,141,E,Minor,41,84,4
400,I'm Not The Only One,Sam Smith,2014,1,1,17492,3,1606986953,82,F,Major,68,56,4
401,Heather,Conan Gray,2020,3,20,6170,7,1301799902,92,F,Major,47,62,3
402,"Besharam Rang (From ""Pathaan"")","Vishal-Shekhar, Shilpa Rao, Caralisa Monteiro, Kumaar, Vishal Dadlani, Shekhar Ravjiani",2022,12,12,130,4,140187018,116,G#,Minor,77,6,4
404,Sugar Rush Ride,TOMORROW X TOGETHER,2023,1,27,359,0,107642809,125,A#,Minor,71,1,9
406,WAIT FOR U (feat. Drake & Tems),"Drake, Future, Tems",2022,4,27,5491,14,556585270,83,C#,Major,46,31,34
407,Don't Start Now,Dua Lipa,2019,10,31,27119,0,2303033973,124,B,Minor,79,1,8
408,After Dark,Mr.Kitty,2014,8,8,1776,14,646886885,140,G#,Major,58,7,3
411,MIDDLE OF THE NIGHT,Elley Duhï¿,2020,1,10,4057,8,872137015,186,E,Minor,41,2,5
412,Atlantis,Seafret,2015,4,22,3045,6,571386359,166,G#,Minor,40,5,3
414,Evoque Prata,"DJ Escobar, MC MENOR SG, MC MENOR HR",2022,9,9,852,0,174006928,87,G,Major,87,31,24
415,How Do I Say Goodbye,Dean Lewis,2022,8,5,2163,15,284785823,82,G#,Major,40,21,7
416,Blind,SZA,2022,12,9,1484,0,163284000,114,A,Minor,46,91,4
417,Die For You,Joji,2022,11,4,1703,0,246390068,148,G#,Major,47,38,5
418,Doja,Central Cee,2022,7,20,4169,44,482257456,140,F#,Major,91,38,29
419,Gatita,Bellakath,2022,10,3,1054,0,168684524,101,G,Major,90,15,6
420,Rumble,"Skrillex, Flowdan, Fred again..",2022,1,17,2849,0,78489819,140,C#,Minor,81,5,6
421,Niagara Falls (Foot or 2) [with Travis Scott & 21 Savage],"Travis Scott, 21 Savage, Metro Boomin",2022,12,2,1602,0,195516622,88,G,Minor,49,19,29
422,Yonaguni,Bad Bunny,2021,6,4,9644,28,1260594497,180,C#,Major,64,28,12
423,Super Freaky Girl,Nicki Minaj,2022,8,12,4827,0,428685680,133,D,Major,95,6,24
424,Running Up That Hill (A Deal With God),Kate Bush,1985,9,16,21811,0,1024858327,108,A#,Minor,63,72,6
425,Dream On,Aerosmith,1973,1,5,168,0,838586769,80,F,Minor,39,39,3
426,Limbo,Freddie Dredd,2022,8,11,688,0,199386237,75,B,Minor,80,3,46
427,Where Are You Now,"Lost Frequencies, Calum Scott",2021,7,30,10565,44,972509632,121,F#,Minor,67,52,10
428,WORTH NOTHING,"Twisted, Oliver Tree",2022,9,28,1612,0,213438580,140,D,Minor,58,18,8
430,KICK BACK,Kenshi Yonezu,2022,10,12,574,4,210038833,102,C#,Major,58,0,11
431,Evergreen (You Didnï¿½ï¿½ï¿½t Deserve Me A,Omar Apollo,2022,4,8,2499,0,227918678,82,A,Major,70,60,4
432,Good Days,SZA,2020,12,24,10426,2,826623384,121,C#,Minor,46,23,6
433,Levitating (feat. DaBaby),"Dua Lipa, DaBaby",2020,3,27,15894,8,1802514301,103,F#,Minor,70,1,6
435,Shut up My Moms Calling - (Sped Up),Hotel Ugly,2022,9,14,713,7,181831132,85,F,Minor,65,31,10
436,Ferrari,"James Hype, Miggy Dela Rosa",2022,3,14,7758,28,462791599,125,C#,Minor,84,1,5
437,"You're On Your Own, Kid",Taylor Swift,2022,10,21,2537,2,348647203,120,D,Major,69,41,6
439,Agudo Mï¿½ï¿½gi,"Styrx, utku INC, Thezth",1930,1,1,323,0,90598517,130,F#,Minor,65,22,5
445,It's Beginning To Look A Lot Like Christmas,Michael Bublï¿,2011,10,14,12353,0,807561936,93,E,Major,35,91,3
447,It's the Most Wonderful Time of the Year,Andy Williams,1963,10,14,8879,0,663832097,202,G,Major,24,77,4
448,Let It Snow! Let It Snow! Let It Snow!,Dean Martin,1959,11,16,6512,0,446390129,134,C#,Major,45,91,4
450,Underneath the Tree,Kelly Clarkson,2013,10,25,6596,0,485285717,160,G#,Major,51,0,5
451,Feliz Navidad,Josï¿½ï¿½ Felic,1970,11,1,3788,0,520034544,148,D,Major,50,47,4
452,Holly Jolly Christmas,Michael Bublï¿,2011,10,14,7655,0,476244795,151,G,Major,65,87,4
453,Mistletoe,Justin Bieber,2011,1,1,9577,0,629173063,162,F#,Minor,67,51,4
454,Sleigh Ride,The Ronettes,1963,11,22,10114,0,404664135,92,D,Major,53,40,3
455,Seek & Destroy,SZA,2022,12,9,1007,0,98709329,152,C#,Major,65,44,7
456,Love Language,SZA,2022,12,9,1127,0,110849052,65,A,Minor,71,85,8
457,Happy Xmas (War Is Over),"John Lennon, The Harlem Community Choir, The Plastic Ono Band, Yoko Ono",1971,12,1,10829,0,460492795,147,D,Major,33,32,3
458,Used (feat. Don Toliver),"SZA, Don Toliver",2022,12,8,1042,0,94005786,150,A#,Minor,73,53,9
460,The Christmas Song (Merry Christmas To You) - Remastered 1999,Nat King Cole,1946,11,1,11500,0,389771964,139,C#,Major,36,84,4
461,Wonderful Christmastime - Edited Version / Remastered 2011,Paul McCartney,1979,11,16,1685,0,403939487,95,B,Major,75,36,3
463,Ghost in the Machine (feat. Phoebe Bridgers),"SZA, Phoebe Bridgers",2022,12,9,1634,0,110073250,125,F#,Major,62,84,5
465,Merry Christmas Everyone,Shakin' Stevens,1984,1,1,1087,0,351636786,101,C#,Minor,72,14,3
466,Let It Snow! Let It Snow! Let It Snow!,"Frank Sinatra, B. Swanson Quartet",1950,1,1,10585,0,473248298,143,D,Major,60,88,6
467,SOS,SZA,2022,12,9,827,0,73981293,119,G,Minor,51,67,23
468,Open Arms (feat. Travis Scott),"SZA, Travis Scott",2022,12,8,1420,4,155653938,78,A,Major,67,76,16
469,White Christmas,"Bing Crosby, John Scott Trotter & His Orchestra, Ken Darby Singers",1942,1,1,11940,0,395591396,96,A,Major,23,91,3
470,Driving Home for Christmas - 2019 Remaster,Chris Rea,1986,1,1,888,0,429504768,180,A,Major,51,36,4
471,Christmas (Baby Please Come Home),Darlene Love,1963,11,22,9122,0,242767149,126,D#,Major,34,39,5
472,Gone Girl,SZA,2022,12,9,892,0,65362788,150,F,Major,43,57,6
473,F2F,SZA,2022,12,9,989,0,67540165,90,D,Major,53,9,4
474,Notice Me,SZA,2022,12,9,819,0,62019074,160,F,Major,72,28,12
476,It's Beginning to Look a Lot Like Christmas (with Mitchell Ayres & His Orchestra),"Perry Como, The Fontane Sisters, Mitchell Ayres & His Orchestra",1958,1,1,6290,0,295998468,113,G,Major,73,77,5
478,Antidepresan,"Mabel Matiz, Mert Demir",2022,11,4,313,2,136689549,100,B,Minor,70,3,3
479,Wild Flower (with youjeen),RM,2022,12,2,353,2,135611421,155,G#,Major,49,3,9
480,I Hate U,SZA,2021,12,3,4094,0,356709897,107,G,Minor,54,51,16
481,Raindrops (Insane) [with Travis Scott],"Travis Scott, Metro Boomin",2022,12,2,880,0,110649992,112,G#,Major,80,9,5
482,SPIT IN MY FACE!,ThxSoMch,2022,10,31,573,0,301869854,166,C#,Major,70,9,7
483,Deck The Hall - Remastered 1999,Nat King Cole,1959,1,1,3299,0,127027715,107,F#,Minor,69,81,4
484,Smoking on my Ex Pack,SZA,2022,12,9,811,0,57144458,81,G#,Major,47,24,38
485,Conceited,SZA,2022,12,9,899,0,56870689,150,C#,Major,79,5,7
486,Snow On The Beach (feat. Lana Del Rey),"Taylor Swift, Lana Del Rey",2022,10,21,2415,0,323437194,110,A,Major,66,69,4
487,Maroon,Taylor Swift,2022,10,21,2304,0,317726339,108,G,Major,64,6,6
488,Tubarï¿½ï¿½o Te,"Dj LK da Escï¿½ï¿½cia, Tchakabum, mc jhenny, M",2022,9,28,1003,0,116144341,130,E,Minor,89,30,36
489,Bejeweled,Taylor Swift,2022,10,21,2699,0,328207708,164,G,Major,70,6,7
490,Tarot,"Bad Bunny, Jhay Cortez",2022,5,6,2482,20,608228647,114,B,Minor,80,2,4
491,You Make It Feel Like Christmas (feat. Blake Shelton),"Gwen Stefani, Blake Shelton",2005,9,20,2577,0,180577478,93,F,Major,63,1,4
492,Desesperados,"Chencho Corleone, Rauw Alejandro",2021,6,25,6821,34,809306935,90,C#,Minor,87,36,8
493,Too Late,SZA,2022,12,8,714,0,49262961,128,B,Major,45,78,8
494,Party,"Bad Bunny, Rauw Alejandro",2022,5,6,3185,4,614555082,97,A,Major,83,2,9
495,Run Rudolph Run - Single Version,Chuck Berry,1958,1,1,8612,0,245350949,152,G,Minor,69,79,8
496,Jingle Bells - Remastered 1999,Frank Sinatra,1957,1,1,4326,0,178660459,175,G#,Major,51,73,5
497,Far,SZA,2022,12,9,680,0,51641685,116,D,Major,61,67,8
498,On Time (with John Legend),"John Legend, Metro Boomin",2022,12,2,398,0,78139948,80,F,Minor,33,76,6
499,GATï¿½ï¿½,"Maldy, Karol G",2022,8,25,3328,13,322336177,93,B,Minor,63,26,39
502,Is There Someone Else?,The Weeknd,2022,1,7,2881,6,391251368,135,A,Minor,70,4,3
503,Fingers Crossed,"Lauren Spencer Smith, Lauren Spencer Smith, Lauren Spencer Smith",2022,1,5,2235,0,349585590,109,F,Major,60,62,5
505,Do It To It,"Cherish, ACRAZE",2021,8,20,12403,0,674772936,125,B,Minor,85,2,9
508,How Do I Make You Love Me?,The Weeknd,2022,1,7,1915,0,119238316,121,G,Minor,80,2,8
509,Gasoline,The Weeknd,2022,1,7,2297,0,116903579,123,F#,Minor,74,0,5
510,Infinity,Jaymes Young,2017,6,23,4375,0,888046992,122,B,Minor,67,15,4
512,Take My Breath,The Weeknd,2021,8,6,2597,0,130655803,121,A#,Minor,70,1,4
514,"Here We Goï¿½ï¿½ï¿½ Again (feat. Tyler, the Cr","The Weeknd, Tyler, The Creator",2022,1,7,1420,0,88103848,135,C#,Major,41,36,3
515,Best Friends,The Weeknd,2022,1,7,1292,0,101114984,87,E,Minor,49,44,21
516,Kiss Me More (feat. SZA),"SZA, Doja Cat",2021,4,9,15867,0,1575467011,111,G#,Major,77,30,3
517,I Heard You're Married (feat. Lil Wayne),"The Weeknd, Lil Wayne",2022,1,7,1178,0,91656026,110,D,Major,75,10,19
521,Dawn FM,The Weeknd,2022,1,7,811,0,53933526,78,A,Minor,27,62,5
522,Surface Pressure,Jessica Darrow,2021,11,19,1756,0,267758538,180,D,Major,65,2,31
523,Starry Eyes,The Weeknd,2022,1,7,1014,0,74601456,86,A,Minor,28,50,3
524,THATS WHAT I WANT,Lil Nas X,2021,9,17,7963,0,920797189,88,C#,Minor,74,1,22
525,One Right Now (with The Weeknd),"The Weeknd, Post Malone",2021,11,5,4771,0,539595276,97,C#,Major,68,4,5
526,Beggin,Mï¿½ï¿½ne,2017,12,8,8559,0,1367810478,134,B,Minor,71,13,5
527,Mon Amour - Remix,"Aitana, zzoilo",2020,9,21,3221,2,578207856,116,D,Major,75,12,10
528,Lo Siento BB:/ (with Bad Bunny & Julieta Venegas),"Julieta Venegas, Bad Bunny, Tainy",2021,10,5,3423,26,775542072,170,E,Minor,64,9,8
530,The Motto,"Tiï¿½ï¿½sto, Ava",2021,11,4,9151,6,656013912,118,G,Minor,75,3,4
536,Malvadï¿½ï¿,"Xamï¿½ï¿½, Gustah, Neo B",2021,11,30,648,1,240684449,133,F#,Minor,82,38,27
538,Donï¿½ï¿½ï¿½t Break My,The Weeknd,2022,1,7,1184,0,63803529,122,A#,Major,77,34,3
539,Oh My God,Adele,2021,11,19,4431,0,466214729,88,C#,Major,53,9,5
540,Entre Nosotros (Remix) [con Nicki Nicole],"Lit Killah, Maria Becerra, Tiago pzk, NICKI NICOLE",2022,1,5,759,3,236940480,170,F,Minor,70,40,4
541,A Tale By Quincy,The Weeknd,2022,1,7,733,0,41924466,94,F,Minor,46,71,11
542,I AM WOMAN,Emmy Meli,2021,11,18,2795,0,225259194,170,A#,Major,65,12,16
543,Medallo,"Justin Quiles, Lenny Tavï¿½ï¿½rez, BL",2021,10,27,2780,2,393230256,90,E,Minor,79,57,8
544,It'll Be Okay,Shawn Mendes,2021,12,1,1950,0,287201015,78,G,Major,40,62,3
545,Softcore,The Neighbourhood,2018,3,9,3947,12,599770206,94,D,Major,57,5,3
546,Super Gremlin,Kodak Black,2021,10,30,2551,0,342779426,73,D,Major,83,0,14
547,Volvï¿,"Aventura, Bad Bunny",2021,8,3,5375,10,673801126,176,C#,Major,73,42,18
548,Todo De Ti,Rauw Alejandro,2020,11,2,11975,8,1168642797,128,D#,Minor,81,40,4
550,Smokin Out The Window,"Bruno Mars, Anderson .Paak, Silk Sonic",2021,11,5,4963,0,383550148,82,D,Major,63,6,4
551,Meet Me At Our Spot,"THE ANXIETY, Willow, Tyler Cole",2020,3,13,6734,0,530511203,95,D,Major,77,2,3
553,Tacones Rojos,Sebastian Yatra,2021,10,22,3047,9,510876816,123,B,Minor,75,8,3
555,Dakiti,"Bad Bunny, Jhay Cortez",2020,10,30,11215,21,1763363713,110,E,Minor,73,40,5
556,"Tiago PZK: Bzrp Music Sessions, Vol. 48","Bizarrap, Tiago pzk",2021,12,29,1678,12,374191487,96,C#,Minor,66,47,32
557,Lï¿½ï¿½ï¿,Stromae,2022,1,9,2035,0,108809090,88,D,Minor,56,35,11
558,Nostï¿½ï¿½l,"Chris Brown, Rvssian, Rauw Alejandro",2021,9,8,2780,2,436695353,98,A,Minor,73,17,5
561,Sad Girlz Luv Money Remix (feat. Kali Uchis),"Kali Uchis, Amaarae, Moliy",2021,9,16,3643,0,354065229,110,C#,Minor,86,43,6
562,Butter,BTS,2021,5,21,4779,6,1143647827,110,G#,Major,79,0,11
563,pushin P (feat. Young Thug),"Young Thug, Future, Gunna",2022,1,7,3517,0,311395144,78,C#,Minor,77,1,19
564,You Right,"Doja Cat, The Weeknd",2021,6,24,5073,0,672656250,129,G#,Major,83,2,6
565,deja vu,Olivia Rodrigo,2021,4,1,7545,4,1256880657,181,A,Major,44,61,9
567,TO THE MOON,Jnr Choi,2021,11,5,2979,0,245095641,144,D,Major,74,5,35
568,Lost in the Fire,"The Weeknd, Gesaffelstein",2019,1,11,7731,2,686734357,101,D,Major,66,9,4
569,Salimo de Noche,"Trueno, Tiago pzk",2021,10,21,1057,0,261414174,84,D,Major,67,29,5
570,Volando - Remix,"Sech, Bad Bunny, Mora",2021,7,8,3272,19,610045621,154,F#,Major,66,21,7
571,Leave The Door Open,"Bruno Mars, Anderson .Paak, Silk Sonic",2021,3,5,14417,0,1115880852,148,F,Major,59,18,3
572,Knife Talk (with 21 Savage ft. Project Pat),"Drake, Project Pat, 21 Savage",2021,9,3,5199,0,594482982,146,F,Minor,85,13,30
573,Don't Be Shy,"Tiï¿½ï¿½sto, Kar",2021,8,1,6026,0,566954746,120,B,Minor,77,20,6
574,Love Grows (Where My Rosemary Goes),Edison Lighthouse,1970,1,1,2877,0,BPM110KeyAModeMajorDanceability53Valence75Energy69Acousticness7Instrumentalness0Liveness17Speechiness3,110,A,Major,53,7,3
576,The Family Madrigal,"Olga Merediz, Stephanie Beatriz, Encanto - Cast",2021,11,19,1150,0,184937148,141,C#,Major,59,12,36
577,Phantom Regret by Jim,The Weeknd,2022,1,7,768,0,31959571,108,A,Minor,46,75,4
579,Freaks,Surf Curse,2015,5,10,3006,3,824420218,180,A,Major,35,0,5
580,Acapulco,Jason Derulo,2021,9,1,3098,0,363467642,122,A#,Major,77,5,5
581,Daddy Issues,The Neighbourhood,2015,10,30,9771,4,1127468248,85,A#,Major,59,7,3
582,thought i was playing,"21 Savage, Gunna",2022,1,7,807,0,60680939,148,C#,Major,68,0,7
583,ELEVEN,IVE,2021,12,1,521,1,247737946,120,A,Major,83,6,11
585,What Else Can I Do?,"Stephanie Beatriz, Diane Guerrero",2021,11,19,802,0,154797871,120,E,Major,72,26,4
587,Miserable Man,David Kushner,2022,1,7,788,0,124407432,110,A#,Major,63,93,3
588,happier,Olivia Rodrigo,2021,5,21,3069,4,850608354,169,F#,Major,39,81,13
589,Praise God,Kanye West,2021,8,29,4651,0,376333030,118,C#,Major,80,1,17
590,Get Into It (Yuh),Doja Cat,2021,6,25,4999,0,516784627,92,G#,Minor,91,32,16
591,Before You Go,Lewis Capaldi,2019,11,1,8327,24,1608045237,112,D#,Major,45,63,6
592,Sky,Playboi Carti,2020,12,25,3297,3,506778838,140,D,Major,79,26,21
593,Rolling in the Deep,Adele,2010,11,29,35684,6,1472799873,105,G#,Major,73,13,3
594,Sobrio,Maluma,2021,7,8,3506,10,513643924,178,F,Major,76,14,22
595,Peru,"Ed Sheeran, Fireboy DML",2021,12,23,2999,0,261286503,108,G,Minor,96,57,9
596,favorite crime,Olivia Rodrigo,2021,5,21,3681,0,783706581,173,A,Major,40,86,4
597,Thunder,"Prezioso, Gabry Ponte, LUM!X",2021,5,7,4846,10,422691058,101,C#,Major,67,3,6
598,The Business,Tiï¿½ï¿,2020,1,1,14311,0,1062345656,120,G#,Minor,80,41,23
600,I WANNA BE YOUR SLAVE,Mï¿½ï¿½ne,2021,3,19,4873,0,851070493,133,C#,Major,75,0,4
601,Vai Lï¿½ï¿½ Em Casa ,"Marï¿½ï¿½lia Mendonï¿½ï¿½a, George Henrique &",2021,10,22,772,0,263894529,158,G#,Minor,46,53,28
602,The Feels,TWICE,2021,10,1,1150,0,345903614,120,A,Major,81,9,7
604,No Lie,"Sean Paul, Dua Lipa",2016,11,18,7370,0,956865266,102,G,Major,74,5,13
605,OUT OUT (feat. Charli XCX & Saweetie),"Charli XCX, Jax Jones, Joel Corry, Saweetie",2021,8,13,6890,0,427486004,124,G#,Minor,79,2,5
606,Pope Is a Rockstar,SALES,2016,4,20,1966,0,156658366,90,E,Minor,73,85,3
607,2055,Sleepy hallow,2021,4,14,2226,0,624515457,161,F#,Minor,78,46,31
608,Bored,Billie Eilish,2017,3,30,4204,0,777765388,120,G,Major,60,90,5
610,Astronaut In The Ocean,Masked Wolf,2019,1,1,7191,0,1138474110,150,E,Minor,78,18,9
611,Ley Seca,"Anuel Aa, Jhay Cortez",2021,9,2,2012,0,355219175,105,G#,Major,76,10,10
612,Every Summertime,NIKI,2021,8,10,1211,2,290228626,79,F#,Major,63,38,4
613,Talking To The Moon,Bruno Mars,2010,10,4,7109,2,1062956628,146,C#,Minor,52,51,3
614,you broke me first,Tate McRae,2020,4,17,6638,0,1180094974,124,E,Major,64,79,5
615,The Nights,Avicii,2014,1,1,17354,8,1456081449,126,F#,Major,53,2,4
616,Take My Breath,The Weeknd,2021,8,6,6392,0,432702334,121,G#,Major,75,2,5
617,Way 2 Sexy (with Future & Young Thug),"Drake, Future, Young Thug",2021,9,3,5481,0,489945871,136,B,Minor,80,0,14
618,Cï¿½ï¿½,Rauw Alejandro,2021,6,25,2636,3,465959382,102,A,Minor,77,58,5
619,Enemy - from the series Arcane League of Legends,"Imagine Dragons, League of Legends, Arcane",2021,10,27,824,0,1223481149,77,G,Major,73,23,23
621,Lucid Dreams,Juice WRLD,2017,6,15,14749,0,2288695111,84,B,Minor,44,38,24
622,Quï¿½ï¿½ Mï¿½ï¿,"J Balvin, Maria Becerra",2021,1,28,8087,0,720825549,102,G#,Major,89,3,11
623,All of Me,John Legend,2013,8,1,27221,0,2086124197,120,G#,Major,42,92,3
624,Smells Like Teen Spirit - Remastered 2021,Nirvana,1991,9,10,49991,9,1690192927,117,C#,Major,52,0,7
626,Fair Trade (with Travis Scott),"Drake, Travis Scott",2021,9,3,5403,6,593917618,168,C#,Major,67,5,26
627,Bar,"Tini, L-Gante",2021,11,11,755,4,200972675,94,C#,Major,52,13,8
628,The Rumbling (TV Size),SiM,2022,1,10,254,0,71014967,145,G#,Major,41,0,5
629,family ties (with Kendrick Lamar),"Kendrick Lamar, Baby Keem",2021,8,27,6308,5,560222750,134,C#,Major,71,1,33
630,Mr. Brightside,The Killers,2003,9,23,51979,15,1806617704,148,C#,Major,35,0,8
631,Blessed-Cursed,ENHYPEN,2022,1,10,246,0,77337771,127,E,Minor,60,9,6
632,AM Remix,"J Balvin, Nio Garcia, Bad Bunny",2021,6,24,6556,0,528544703,172,F#,Minor,74,11,16
633,Streets,Doja Cat,2019,11,7,5728,0,865640097,90,B,Major,75,21,8
634,Shallow,"Lady Gaga, Bradley Cooper",2018,9,27,16636,12,2159346687,96,G,Major,57,38,3
635,Polaroid Love,ENHYPEN,2022,1,10,461,0,211372494,138,G,Minor,74,46,4
636,Leave Before You Love Me (with Jonas Brothers),"Marshmello, Jonas Brothers",2021,4,28,4893,4,651732901,120,G,Major,72,0,4
637,Permission to Dance,BTS,2021,7,9,1801,2,608334048,125,A,Major,70,1,4
638,Friday (feat. Mufasa & Hypeman) - Dopamine Re-Edit,"Riton, Nightcrawlers, Mufasa & Hypeman, Dopamine",2021,1,15,12043,0,863756573,123,D,Major,82,1,13
639,RAPSTAR,Polo G,2021,4,9,4731,0,797402345,81,F#,Major,79,41,24
640,'Till I Collapse,"Eminem, Nate Dogg",2002,5,26,22923,0,1695712020,171,C#,Major,55,7,20
641,Memories,Maroon 5,2019,9,20,9974,2,1759567999,91,B,Major,77,84,5
642,Se Le Ve,"Arcangel, De La Ghetto, Justin Quiles, Lenny Tavï¿½ï¿½rez, Sech, Dalex, Dimelo Flow, Rich Music",2021,8,12,1560,0,223319934,84,G,Minor,56,10,11
643,25k jacket (feat. Lil Baby),"Gunna, Lil Baby",2022,1,7,620,0,54937991,115,F,Minor,90,16,28
645,Esqueï¿½ï¿½a-Me Se For C,"Marï¿½ï¿½lia Mendonï¿½ï¿½a, Maiara &",2021,10,14,580,0,258316038,122,F#,Minor,80,28,7
646,Miï¿½ï¿½n,"Tini, Maria Becerra",2021,4,29,3406,16,596152090,92,D,Major,85,16,7
647,Sï¿½ï¿½,"Anuel Aa, Myke Towers, Jhay Cortez",2021,11,18,903,0,177129919,90,F#,Minor,63,17,8
648,MAMIII,"Karol G, Becky G",2022,2,10,6809,28,716591492,94,E,Minor,84,9,8
649,Still D.R.E.,"Dr. Dre, Snoop Dogg",1999,1,1,33966,0,1210599487,93,B,Major,81,18,24
650,Stay Alive (Prod. SUGA of BTS),Jung Kook,2022,2,11,590,5,246376690,130,D,Minor,51,30,7
651,Boyfriend,Dove Cameron,2022,2,11,3766,0,496311364,180,G,Minor,35,23,6
653,The Next Episode,"Dr. Dre, Snoop Dogg",1999,1,1,31762,0,843309044,95,D#,Minor,92,3,25
654,Light Switch,Charlie Puth,2022,1,19,4049,0,500340342,184,F#,Major,69,11,31
655,City of Gods,"Kanye West, Alicia Keys, Fivio Foreign",2022,2,11,2096,0,107255472,147,G#,Minor,47,10,38
656,Brividi,"Mahmood, Blanco",2022,2,2,1175,0,135079152,123,G,Major,52,40,3
657,Lost,Frank Ocean,2012,1,1,29499,11,822239726,123,A#,Minor,91,3,22
658,In Da Club,50 Cent,2002,1,1,30427,7,1202722675,90,F#,Minor,90,26,37
659,she's all i wanna be,Tate McRae,2022,2,4,2711,0,343197054,160,D,Minor,61,1,4
660,Ginseng Strip 2002,Yung Lean,2013,8,16,4310,0,240769997,115,C#,Major,60,8,4
661,All For Us - from the HBO Original Series Euphoria,"Labrinth, Zendaya",2019,8,4,5342,0,426204830,141,D#,Major,37,2,9
662,Notion,The Rare Occasions,2016,8,5,2393,0,421135627,160,A,Major,31,7,8
663,Formula,Labrinth,2019,10,4,3444,7,554875730,145,B,Major,57,4,4
665,Excuses,"Intense, AP Dhillon, Gurinder Gill",2020,7,24,272,4,327498031,95,F,Minor,84,8,8
666,Cigarettes,Juice WRLD,2021,12,10,975,0,185408548,160,D,Major,60,3,4
667,"Cayï¿½ï¿½ La Noche (feat. Cruz Cafunï¿½ï¿½, Abhir Hathi, Bejo, EL IMA)","Quevedo, La Pantera, Juseph, Cruz Cafunï¿½ï¿½, Bï¿½ï¿½jo, Abhir Hathi",2022,1,14,1034,1,245400167,174,F,Minor,67,44,30
668,California Love - Original Version (Explicit),"Dr. Dre, 2Pac, Roger",1995,12,28,18773,0,579395142,92,G,Major,77,3,4
669,Forgot About Dre,"Eminem, Dr. Dre",1999,1,1,19067,0,675039469,134,G#,Major,93,9,8
670,Down Under (feat. Colin Hay),"Luude, Colin Hay",2021,11,19,3541,2,252871192,172,B,Minor,31,1,17
671,Mujeriego,Ryan Castro,2021,12,17,1492,0,231996128,80,A,Major,76,6,13
672,HUMBLE.,Kendrick Lamar,2017,3,30,33206,1,1929770265,150,C#,Minor,91,0,12
673,Stan,"Eminem, Dido",1999,11,21,17115,0,918915401,80,F#,Minor,78,4,21
674,Contection,"GODZZ__-, Zakaria",2020,1,16,6955,0,1180896317,166,A#,Minor,81,14,34
675,Swim,Chase Atlantic,2017,10,4,2742,0,498960285,120,G#,Major,67,27,4
677,Numb Little Bug,Em Beihold,2022,1,28,2026,0,258714692,85,G#,Minor,74,30,9
678,212,"Mainstreet, Chefin",2022,1,15,352,0,143139338,154,D,Minor,79,66,7
679,Problemï¿½,"Alvaro Diaz, Rauw Alejandro",2021,10,22,1517,0,209768491,92,D,Minor,73,28,6
680,Bussin,"Nicki Minaj, Lil Baby",2022,2,11,847,0,64714573,140,B,Major,89,6,5
681,Worst Day,Future,2022,2,11,910,0,50746620,89,C#,Major,65,11,40
682,Malvada,Zï¿½ï¿½ Fe,2022,1,28,601,0,154119539,135,F,Minor,89,16,5
683,Hrs and Hrs,Muni Long,2021,11,19,1800,0,181328253,140,G#,Minor,51,60,18
684,Alien Blues,Vundabar,2015,7,24,1930,0,370068639,82,D#,Major,47,8,3
685,Thinking Out Loud,Ed Sheeran,2014,1,1,33032,0,2280566092,79,D,Major,78,47,3
686,Still Don't Know My Name,Labrinth,2019,10,4,6332,0,563902868,88,F,Major,31,47,12
687,Christmas Tree,V,2021,12,24,509,9,317622165,139,F,Major,44,70,4
689,When I R.I.P.,Labrinth,2019,10,4,2578,0,203680270,80,G#,Minor,39,73,21
690,Do We Have A Problem?,"Nicki Minaj, Lil Baby",2022,2,4,1064,0,81350745,120,C#,Minor,84,47,40
691,Forever,Labrinth,2019,10,4,3618,0,282883169,80,E,Minor,56,92,3
692,Gospel (with Eminem),"Eminem, Dr. Dre",2022,2,4,1040,0,64787943,117,C#,Major,92,11,24
693,Seï¿½ï¿½o,"Shawn Mendes, Camila Cabello",2019,6,19,15010,2,2484812918,117,A,Minor,76,4,3
694,NEW MAGIC WAND,"Tyler, The Creator",2019,5,16,4708,0,461437791,140,F,Minor,62,10,11
695,Adore You,Harry Styles,2019,12,6,13454,1,1439191367,99,G#,Major,68,2,5
696,La Santa,"Daddy Yankee, Bad Bunny",2020,2,29,4890,20,759208783,93,C#,Major,74,3,5
697,Something In The Way - Remastered 2021,Nirvana,1991,9,24,9514,0,368646862,106,G#,Major,44,74,3
698,Sweetest Pie,"Dua Lipa, Megan Thee Stallion",2022,3,11,3501,0,299634472,124,G,Major,81,17,22
699,Bam Bam (feat. Ed Sheeran),"Camila Cabello, Ed Sheeran",2022,3,4,6111,4,756907987,95,G#,Major,76,18,4
700,Una Noche en Medellï¿½,Cris Mj,2022,1,21,5415,32,682475162,96,A#,Minor,87,10,8
701,Envolver,Anitta,2021,11,11,4673,2,546191065,92,E,Minor,81,15,8
702,Starlight,Dave,2022,3,3,1856,3,229473310,124,G,Major,95,35,28
703,Hati-Hati di Jalan,Tulus,2022,3,3,200,2,202677468,72,F#,Major,64,70,4
705,DANï¿½ï¿½A,"Mc Pedrinho, Pedro Sampaio",2022,2,1,911,2,208166039,135,A,Minor,78,4,8
706,Yo Voy (feat. Daddy Yankee),Zion & Lennox,2004,5,4,2954,2,527033089,95,A#,Major,81,4,24
707,"Residente: Bzrp Music Sessions, Vol. 49","Residente, Bizarrap",2022,3,3,461,0,94616487,71,C#,Minor,59,56,40
708,Jordan,Ryan Castro,2021,4,30,2844,2,394030335,180,A#,Minor,80,6,37
709,Nail Tech,Jack Harlow,2022,2,18,2939,0,193443895,150,E,Minor,65,0,9
710,Chale,Eden Muï¿½ï,2022,2,18,695,11,299648208,189,G#,Major,55,40,4
712,Ya No Somos Ni Seremos,Christian Nodal,2022,2,18,866,16,319757142,140,G,Major,59,44,3
714,Freaky Deaky,"Tyga, Doja Cat",2022,2,25,1729,0,153240879,104,D,Minor,80,2,4
715,this is what falling in love feels like,JVKE,2021,9,3,2005,0,346127840,129,B,Major,42,62,6
716,La Zona,Bad Bunny,2020,2,29,1188,0,312622938,94,C#,Minor,76,20,4
718,Hope,XXXTENTACION,2018,3,16,3659,0,1200808494,146,A,Minor,59,66,6
719,Levitating,Dua Lipa,2020,3,27,9833,0,797196073,103,F#,Minor,69,5,8
720,Wake Me Up - Radio Edit,Avicii,2013,1,1,50887,34,1970673297,124,D,Major,53,0,5
721,"jealousy, jealousy",Olivia Rodrigo,2021,5,21,3257,0,665765558,164,A#,Minor,70,24,13
722,Monï¿½ï¿½y so,YEAT,2021,9,10,1473,0,263779030,138,D,Major,69,12,9
723,Demasiadas Mujeres,C. Tangana,2020,10,8,2226,0,339473453,126,A,Minor,67,13,39
724,Something Just Like This,"The Chainsmokers, Coldplay",2017,2,22,23375,21,2204080728,103,B,Minor,61,3,4
725,Closer,"The Chainsmokers, Halsey",2016,5,31,28032,0,2591224264,95,G#,Major,75,41,3
726,O.O,NMIXX,2022,2,22,290,0,135444283,200,B,Minor,39,4,29
728,Tom's Diner,"AnnenMayKantereit, Giant Rooks",2019,6,28,2605,0,236872197,98,F#,Minor,68,38,14
729,First Class,Jack Harlow,2022,4,8,8737,0,694525298,107,G#,Major,91,3,10
731,Fuera del mercado,Danny Ocean,2022,2,17,2499,21,421365166,92,G#,Major,45,32,14
732,X ï¿½ï¿½LTIMA,"Daddy Yankee, Bad Bunny",2022,3,25,2697,1,349746291,90,G,Major,81,9,5
733,When You're Gone,Shawn Mendes,2022,3,31,2092,0,255120451,147,F,Major,60,2,4
734,In My Head,Lil Tjay,2022,4,1,1185,0,190981339,143,C#,Major,68,16,12
735,Wait a Minute!,Willow,2015,1,11,11985,0,924193303,101,D#,Minor,76,3,3
736,LOVE DIVE,IVE,2022,4,5,753,8,305771063,118,C#,Minor,70,0,4
737,Pantysito,"Feid, Alejo, Robi",2022,3,18,2995,0,273005485,98,G,Minor,83,14,6
738,Chance,Paulo Londra,2022,4,6,225,0,89566512,138,C#,Minor,72,24,6
739,Cool for the Summer,Demi Lovato,2015,1,1,9243,0,677389855,114,F,Minor,59,1,4
740,psychofreak (feat. WILLOW),"Camila Cabello, Willow",2022,4,7,918,0,75476209,180,G,Minor,63,34,8
741,Angel Baby,Troye Sivan,2021,9,9,1959,9,408843328,145,B,Major,56,1,3
742,Vampiro,"Matuï¿½ï¿½, Wiu, ",2022,1,30,540,4,187772591,115,G#,Minor,78,1,4
743,Si Quieren Frontear,"De La Ghetto, Duki, Quevedo",2022,3,31,859,0,178512385,82,A#,Major,79,13,23
744,Right On,Lil Baby,2022,4,8,1116,0,101780047,166,D,Major,70,2,34
746,That's Hilarious,Charlie Puth,2022,4,8,686,2,146363130,108,F#,Major,71,74,6
747,Soy El Unico,Yahritza Y Su Esencia,2022,3,25,226,0,126443991,84,E,Minor,71,45,3
748,RUMBATï¿½,Daddy Yankee,2022,3,25,1264,0,157990698,95,D#,Minor,69,6,4
749,sentaDONA (Remix) s2,"Luï¿½ï¿½sa Sonza, MC Frog, Dj Gabriel do Borel, Davi K",2022,3,17,870,0,176290831,135,D#,Minor,93,25,27
750,Falling,Harry Styles,2019,12,13,7556,0,1023187129,110,E,Major,57,84,3
751,Sigue,"Ed Sheeran, J Balvin",1996,11,24,1370,0,106933107,88,G,Major,89,5,7
752,Fim de Semana no Rio,teto,2022,3,30,315,2,139193812,119,C#,Minor,87,12,10
753,MANIAC,Stray Kids,2022,3,18,651,0,212234990,120,C#,Major,58,15,41
754,There's Nothing Holdin' Me Back,Shawn Mendes,2016,9,23,12382,0,1714490998,122,D,Major,86,36,6
755,IDGAF (with blackbear),"Blackbear, BoyWithUke",2022,3,18,625,0,197643795,98,F,Major,78,41,8
756,Golden,Harry Styles,2019,12,13,8429,1,807015863,140,E,Minor,45,21,6
757,Get Lucky - Radio Edit,"Pharrell Williams, Nile Rodgers, Daft Punk",2013,1,1,52898,0,933815613,116,F#,Minor,79,4,4
758,Ain't Shit,Doja Cat,2021,6,25,3436,0,499710590,124,D#,Major,86,51,21
759,"Nobody Like U - From ""Turning Red""","Jordan Fisher, Josh Levi, Finneas O'Connell, 4*TOWN (From Disney and Pixarï¿½ï¿½ï¿½s Turning Red), Topher Ngo, Grayson Vill",2022,2,25,918,0,120847157,105,A,Minor,91,13,15
760,Still Life,BIGBANG,2022,4,5,181,0,53909146,118,G#,Major,68,44,3
761,Photograph,Ed Sheeran,2014,6,20,18778,3,2236667932,108,E,Major,61,61,5
762,Love Yourself,Justin Bieber,2015,11,9,22730,5,2123309722,100,E,Major,61,84,44
763,N95,Kendrick Lamar,2022,5,13,5542,0,301242089,140,D#,Minor,81,38,14
764,About Damn Time,Lizzo,2022,4,14,9021,0,723894473,109,A#,Minor,84,10,7
765,Die Hard,"Kendrick Lamar, Blxst, Amanda Reifer",2022,5,13,4627,0,237351106,101,C#,Minor,78,36,27
766,Despuï¿½ï¿½s de la P,Bad Bunny,2022,5,6,2229,0,461558540,78,F,Major,56,36,31
768,United In Grief,Kendrick Lamar,2022,5,13,2575,0,156898322,87,G#,Major,52,24,43
769,Father Time (feat. Sampha),"Kendrick Lamar, Sampha",2022,5,13,3107,0,127309180,153,A#,Minor,55,19,35
771,Rich Spirit,Kendrick Lamar,2022,5,13,3486,0,173702135,96,A#,Minor,85,39,21
773,Me Fui de Vacaciones,Bad Bunny,2022,5,6,1443,0,305650299,85,A#,Major,71,23,5
774,Silent Hill,"Kendrick Lamar, Kodak Black",2022,5,13,3028,0,123216717,140,C#,Minor,92,46,9
775,La Corriente,"Tony Dize, Bad Bunny",2022,5,6,1796,8,479655659,196,B,Minor,66,23,20
776,Count Me Out,Kendrick Lamar,2022,5,13,2729,0,126191104,134,G,Major,78,69,9
777,Andrea,"Buscabulla, Bad Bunny",2022,5,6,1195,0,344055883,103,C#,Minor,80,76,38
778,Dos Mil 16,Bad Bunny,2022,5,6,892,3,338422004,130,C#,Major,82,12,5
779,We Cry Together,"Kendrick Lamar, Taylour Paige",2022,5,13,1635,0,68895644,108,B,Major,65,31,36
780,Savior,"Kendrick Lamar, Sam Dew, Baby Keem",2022,5,13,2291,0,86176890,123,G#,Major,61,53,46
781,Un Coco,Bad Bunny,2022,5,6,1029,28,403231558,152,B,Major,84,21,6
782,Otro Atardecer,"Bad Bunny, The Marï¿½ï",2022,5,6,1681,7,319546754,108,D,Major,78,59,4
783,Worldwide Steppers,Kendrick Lamar,2022,5,13,1480,0,61739839,72,A#,Minor,56,76,36
784,Aguacero,Bad Bunny,2022,5,6,829,0,283359161,121,F#,Minor,86,42,7
785,Purple Hearts,"Kendrick Lamar, Ghostface Killah, Summer Walker",2022,5,13,2308,0,76831876,138,D#,Minor,57,19,29
786,Un Verano Sin Ti,Bad Bunny,2022,5,6,1004,1,283332261,188,F,Minor,50,69,6
787,ULTRA SOLO,"Polima WestCoast, Pailita",2022,2,14,1367,0,307752576,110,C#,Major,80,23,21
788,Ensï¿½ï¿½ï¿½ï¿½ame ,Bad Bunny,2022,5,6,1112,3,279737940,105,G#,Major,81,19,8
789,El Apagï¿½,Bad Bunny,2022,5,6,1209,0,212351890,118,G#,Major,63,5,31
790,Callaita,"Bad Bunny, Tainy",2019,5,31,9539,15,1304313953,176,D,Major,61,60,31
791,Dua Lipa,Jack Harlow,2022,5,6,1992,0,150500965,158,B,Major,83,0,8
792,Agosto,Bad Bunny,2022,5,6,897,0,246127838,115,C#,Minor,85,9,12
793,House Of Memories,Panic! At The Disco,2016,1,15,2948,0,582863434,110,B,Minor,51,0,3
794,Mr. Morale,"Kendrick Lamar, Tanna Leone",2022,5,13,1860,0,58687425,174,A,Major,73,30,32
795,That That (prod. & feat. SUGA of BTS),"PSY, Suga",2022,4,29,802,0,212109195,130,E,Major,91,3,9
796,In The Stars,Benson Boone,2022,4,29,2224,8,382199619,78,A#,Major,36,34,5
797,Rich - Interlude,Kendrick Lamar,2022,5,13,1103,0,41210087,104,G,Major,44,88,9
798,SUPERMODEL,Mï¿½ï¿½ne,2022,5,13,2265,0,231657891,121,G,Major,64,0,6
799,Stefania (Kalush Orchestra),KALUSH,2022,3,10,555,0,53729194,105,D,Major,83,14,4
800,Thousand Miles,The Kid Laroi,2022,4,22,2050,0,244741137,81,G,Major,38,9,8
801,Crown,Kendrick Lamar,2022,5,13,1493,0,42485571,170,C#,Minor,37,80,4
802,Auntie Diaries,Kendrick Lamar,2022,5,13,1545,0,37778188,78,G,Major,43,76,38
803,PUFFIN ON ZOOTIEZ,Future,2022,4,29,2350,0,254218729,125,G#,Major,88,6,31
804,Mirror,Kendrick Lamar,2022,5,13,1929,0,53603447,92,E,Minor,66,23,7
805,Beautiful Girl,Luciano,2022,4,22,710,4,160035717,140,B,Minor,84,31,9
807,Savior - Interlude,Kendrick Lamar,2022,5,13,1194,0,37091576,118,F,Minor,66,84,19
808,Pasoori,"Shae Gill, Ali Sethi",2022,2,6,349,6,284249832,92,B,Minor,71,7,4
809,Mother I Sober (feat. Beth Gibbons of Portishead),"Kendrick Lamar, Beth Gibbons",2022,5,13,1890,0,33381454,140,G#,Minor,49,87,35
810,TUS Lï¿½ï¿½GR,"Sech, Mora",2022,4,1,1308,2,184622518,174,C#,Major,68,18,25
811,Where Did You Go?,"MNEK, Jax Jones",2022,1,26,4531,0,300983101,127,A#,Major,77,19,4
812,I Tried to Tell Y'all,"Ugly Dray, Tesla Jnr",2022,5,6,1657,0,121077868,96,B,Major,71,62,36
813,Honest (feat. Don Toliver),"Justin Bieber, Don Toliver",2022,4,29,1351,0,106919680,150,G#,Minor,82,13,6
814,ZOOM,Jessi,2022,4,13,608,0,136996305,100,F#,Major,87,1,16
815,SloMo,Chanel,2021,12,24,1211,0,65719930,105,C#,Minor,73,13,6
816,FEARLESS,LE SSERAFIM,2022,5,2,629,0,229497852,104,G,Major,86,5,14
817,10 Things I Hate About You,Leah Kate,2022,3,23,1301,0,185550869,154,G#,Major,54,1,5
818,SPACE MAN,Sam Ryder,2022,2,22,1329,0,54682594,80,B,Major,47,18,5
819,With you,"HA SUNG WOON, Jimin",2022,4,24,343,2,240580042,150,D#,Major,53,64,3
820,Iris,The Goo Goo Dolls,1998,3,31,13101,9,1284942608,156,B,Minor,32,0,4
821,The Heart Part 5,Kendrick Lamar,2022,5,8,2939,0,71423324,98,G#,Minor,76,18,34
822,San Lucas,Kevin Kaarl,2019,11,7,407,1,244891912,92,G,Major,58,86,3
823,This Love (Taylorï¿½ï¿½ï¿½s Ve,Taylor Swift,2022,5,6,1492,0,132171975,144,E,Major,47,32,4
824,Good Looking,Suki Waterhouse,2017,10,20,2264,0,184706613,150,E,Major,37,8,3
825,Flowers,Lauren Spencer Smith,2021,8,9,801,0,184826429,138,D#,Major,70,84,39
826,Yet To Come,BTS,2022,6,10,829,0,302006641,172,C#,Major,56,4,19
827,Run BTS,BTS,2022,6,10,736,0,330881149,77,G#,Major,72,2,17
828,Music For a Sushi Restaurant,Harry Styles,2022,5,20,4449,1,334733572,107,B,Major,72,26,4
829,Matilda,Harry Styles,2022,5,20,3218,3,366214458,114,D,Major,51,90,4
830,For Youth,BTS,2022,6,10,327,0,114546317,117,D,Major,63,43,4
832,Vegas (From the Original Motion Picture Soundtrack ELVIS),Doja Cat,2022,5,6,4576,0,448500832,160,G#,Minor,80,8,26
833,Cash In Cash Out,"Pharrell Williams, Tyler, The Creator, 21 Savage",2022,6,10,2313,0,136676504,120,G,Major,88,1,6
834,Potion (with Dua Lipa & Young Thug),"Calvin Harris, Dua Lipa, Young Thug",2022,5,27,3983,0,190625045,100,B,Minor,82,16,5
835,Born Singer,BTS,2022,6,10,279,0,79095270,158,G#,Minor,60,4,11
836,Little Freak,Harry Styles,2022,5,20,2302,0,273194684,142,D#,Major,56,72,4
837,La Llevo Al Cielo (Ft. ï¿½ï¿½engo F,"Nengo Flow, Anuel Aa, Chris Jedi, Chencho Corleone",2022,5,20,3559,3,333146475,170,A,Minor,80,11,14
838,True Love,"Kanye West, XXXTENTACION",2022,5,27,2129,0,194902696,84,F,Minor,71,2,25
840,Pass The Dutchie,Musical Youth,1982,1,1,5328,0,195918494,151,G,Major,73,20,5
841,"Villano Antillano: Bzrp Music Sessions, Vol. 51","Bizarrap, Villano Antillano",2022,6,8,1401,0,248511839,128,C#,Minor,82,6,6
842,Love Of My Life,Harry Styles,2022,5,20,1933,0,233671263,118,G,Major,56,67,5
843,Grapejuice,Harry Styles,2022,5,20,1986,0,199587884,183,F,Major,65,36,3
844,So Good,Halsey,2022,6,9,1057,0,91781263,83,D#,Minor,63,4,4
845,Belly Dancer,"BYOR, Imanbek",2022,2,18,5115,13,383835984,122,C#,Major,85,6,14
846,Keep Driving,Harry Styles,2022,5,20,2094,1,236060709,165,A,Major,72,32,23
847,Cinema,Harry Styles,2022,5,20,2171,0,189236868,106,A,Minor,83,35,4
848,Die Young (feat. 347aidan),"Sleepy hallow, 347aidan",2022,5,25,896,0,160845341,77,B,Major,81,83,34
849,Only Love Can Hurt Like This,Paloma Faith,2014,1,1,5148,0,588955257,91,G#,Major,57,10,8
850,Hold My Hand,Lady Gaga,2022,5,3,2528,0,238350348,148,G,Major,51,5,3
851,Daydreaming,Harry Styles,2022,5,20,1900,1,187703102,114,E,Minor,71,31,3
853,Nos Comemos (feat. Ozuna),"Ozuna, Tiago pzk",2022,6,2,896,0,138334433,92,F#,Major,83,10,5
854,Me and Your Mama,Childish Gambino,2016,11,10,8775,0,445590495,118,F,Major,56,1,3
855,Crazy What Love Can Do,"David Guetta, Ella Henderson, Becky Hill",2022,3,18,5290,0,286739476,123,E,Minor,60,3,4
856,SLOW DANCING IN THE DARK,Joji,2018,9,12,10211,0,1122364376,89,D#,Major,52,54,3
857,Antes de Perderte,Duki,2022,6,2,584,8,157136970,110,F,Minor,81,49,11
859,295,Sidhu Moose Wala,2021,5,15,246,4,183273246,90,B,Minor,68,21,20
861,En El Radio Un Cochinero,Victor Cibrian,2022,5,13,514,0,164856284,154,F#,Minor,70,47,4
862,Master of Puppets (Remastered),Metallica,1986,3,3,6080,0,704171068,105,E,Minor,54,0,4
863,BREAK MY SOUL,Beyoncï¿,2022,6,21,9724,0,354614964,115,C#,Minor,70,4,8
864,ULTRA SOLO REMIX,"De La Ghetto, Feid, Polima WestCoast, Paloma Mami, Pailita",2022,6,16,2341,0,279717388,110,C#,Major,91,8,8
865,Massive,Drake,2022,6,17,5263,0,195628667,125,E,Minor,51,12,6
866,Betty (Get Money),Yung Gravy,2022,6,10,2402,0,221752937,102,C#,Major,73,0,8
867,Ojos Marrones,Lasso,2022,2,6,795,11,263280370,120,G#,Minor,81,4,4
868,POP!,Nayeon,2022,6,24,571,0,213505179,97,D,Major,80,4,5
869,Layla,"Schï¿½ï¿½rze, DJ R",2022,3,24,832,3,130419412,140,F,Minor,44,0,7
870,MORE,j-hope,2022,7,1,565,0,155795783,97,D,Major,78,1,4
871,Sweet Child O' Mine,Guns N' Roses,1987,1,1,41231,1,1553497987,125,F#,Major,45,9,5
872,Last Last,Burna Boy,2022,5,12,4526,12,293466523,88,D#,Minor,80,13,9
874,Sticky,Drake,2022,6,17,2814,0,191448892,137,A#,Minor,88,9,14
875,Hot Shit (feat. Ye & Lil Durk),"Kanye West, Lil Durk, Cardi B",2022,7,1,1601,0,85924992,157,A,Major,88,0,23
876,Ai Preto,"L7nnon, DJ Biel do Furduncinho, Bianca",2022,6,3,894,4,176103902,130,F#,Major,95,54,25
877,La Loto,"Anitta, Tini, Becky G",2022,7,6,945,0,121189256,90,C#,Major,85,10,11
878,die first,Nessa Barrett,2022,6,24,767,0,131746175,183,G#,Minor,44,7,13
879,Afraid To Feel,LF System,2022,5,2,5898,5,244790012,128,C#,Major,58,2,11
880,Baile no Morro,"Mc Vitin Da Igrejinha, MC Tairon, DJ Win",2022,6,10,685,2,129314708,130,D#,Minor,71,46,45
881,cï¿½ï¿½mo dormi,Rels B,2022,8,4,1452,35,331511413,126,C#,Major,63,24,23
883,STAYING ALIVE (feat. Drake & Lil Baby),"Drake, DJ Khaled, Lil Baby",2022,8,5,2107,0,170732845,130,E,Minor,72,7,8
885,Si Te La Encuentras Por Ahï¿,Feid,2022,8,5,1379,4,179061440,172,G#,Minor,74,15,8
886,GIVENCHY,Duki,2022,7,20,625,4,185236961,103,G#,Major,61,14,40
887,ALIEN SUPERSTAR,Beyoncï¿,2022,7,29,2688,0,171788484,122,A#,Minor,55,0,10
888,Mary On A Cross,Ghost,2019,9,13,2668,2,387080183,130,B,Major,47,0,4
889,Attention,NewJeans,2022,8,1,799,12,264717480,105,A#,Minor,81,24,4
890,THE SHADE,Rex Orange County,2022,3,11,1189,6,244928911,120,F,Major,90,39,6
891,"Come Back Home - From ""Purple Hearts""",Sofia Carson,2022,7,12,367,0,97610446,145,G,Major,56,24,4
892,El Rescate,"Grupo Marca Registrada, Junior H",2022,7,22,527,4,287278853,99,G,Minor,79,28,14
893,Heartless,Kanye West,2008,1,1,17504,34,887906111,88,A#,Minor,79,5,14
894,"Stay With Me (with Justin Timberlake, Halsey, & Pharrell)","Calvin Harris, Halsey, Pharrell Williams, Justin Timberlake",2022,7,15,3113,0,123473120,126,A,Major,81,28,4
896,JGL,"Luis R Conriquez, La Adictiva",2022,2,18,782,9,323455692,113,G#,Major,70,55,12
897,Don't You Worry,"David Guetta, Shakira, Black Eyed Peas",2022,6,16,2442,0,240918092,132,B,Major,82,20,3
898,Pipoco,"Melody, Ana Castela, Dj Chris No Beat",2022,5,20,1112,4,191873381,135,G#,Major,77,47,8
900,Forget Me,Lewis Capaldi,2022,9,9,2520,4,239411309,102,C#,Minor,67,30,4
902,Bound 2,Kanye West,2013,1,1,19806,7,703301727,149,C#,Major,37,14,5
904,Talk that Talk,TWICE,2022,8,26,615,0,189476119,120,D#,Minor,77,14,12
905,BILLIE EILISH.,Armani White,2022,1,20,2537,0,277132266,100,C#,Major,90,11,26
906,Ferxxo 100,Feid,2022,6,3,1647,30,278920007,164,G#,Minor,70,25,7
907,KU LO SA - A COLORS SHOW,Oxlade,2022,6,10,2019,8,222410722,93,A#,Minor,65,31,7
908,Prohibidox,Feid,2022,9,13,1473,12,185392587,180,C#,Minor,65,5,25
909,Static,Steve Lacy,2022,7,15,1613,0,202452860,79,C#,Major,34,43,7
910,The Scientist,Coldplay,2002,8,5,30992,6,1608164312,146,F,Major,56,73,2
911,Sparks,Coldplay,2000,7,10,10826,4,624101957,103,C#,Major,37,75,3
912,Talk,YEAT,2022,9,2,920,0,148461629,140,E,Minor,70,8,23
913,XQ Te Pones Asï¿,"Yandel, Feid",2022,9,13,308,0,47093942,92,A#,Major,81,13,7
914,Selfish,PnB Rock,2016,6,23,2468,0,380319238,102,C#,Minor,64,11,4
915,Sin Seï¿½ï,"Ovy On The Drums, Quevedo",2022,7,22,1097,2,209106362,118,B,Minor,82,33,4
916,Lady Mi Amor,Feid,2022,9,13,330,0,53987404,93,D,Major,78,6,6
917,Poland,Lil Yachty,2022,6,23,1584,0,115331792,150,F,Minor,70,14,5
918,THE LONELIEST,Mï¿½ï¿½ne,2022,10,7,1585,5,225093344,130,D,Major,52,0,3
919,Bye Bye,"Marshmello, Juice WRLD",2022,10,14,766,0,84697729,83,D#,Minor,65,6,4
920,BABY OTAKU,"Fran C, Polima WestCoast, Nickoog Clk, Pablito Pesadilla",2022,8,18,836,0,159240673,102,A,Major,84,5,8
921,Nxde,(G)I-DLE,2022,10,17,430,6,170709584,136,E,Minor,73,4,18
922,Miss You,Southstar,1982,5,16,2020,0,154356956,145,A,Major,66,17,5
923,we fell in love in october,girl in red,2018,11,21,6858,0,723043854,130,G,Major,57,11,3
924,2 Be Loved (Am I Ready),Lizzo,2022,7,14,3682,6,247689123,156,G,Major,72,9,11
925,Celestial,Ed Sheeran,2022,9,29,1639,0,176474912,123,D,Major,57,5,4
926,Typa Girl,BLACKPINK,2022,9,16,452,10,235549288,132,G,Major,92,7,10
928,California Breeze,Lil Baby,2022,10,14,991,0,85559365,162,F,Minor,74,0,46
929,Bamba (feat. Aitch & BIA),"Luciano, Aitch, Bï¿½",2022,9,22,869,7,146223492,138,A#,Major,80,14,36
930,Casei Com a Putaria,"MC Ryan SP, Love Funk, Mc Paiva ZS",2022,7,1,648,4,187701588,161,A#,Minor,59,12,44
931,Major Distribution,"Drake, 21 Savage",2022,11,4,1545,0,154863153,131,G#,Minor,91,1,32
932,Pussy & Millions (feat. Travis Scott),"Drake, Travis Scott, 21 Savage",2022,11,4,1930,0,191333656,122,E,Minor,75,6,12
933,Vigilante Shit,Taylor Swift,2022,10,21,1948,0,253650850,80,E,Minor,80,17,39
934,Question...?,Taylor Swift,2022,10,21,1608,0,223064273,109,G,Major,75,20,17
935,On BS,"Drake, 21 Savage",2022,11,4,1338,0,170413877,158,A,Major,84,2,59
936,Mastermind,Taylor Swift,2022,10,21,1936,0,218320587,126,E,Major,66,55,14
937,Circo Loco,"Drake, 21 Savage",2022,11,4,1794,0,141720999,104,C#,Major,73,1,7
939,Spin Bout U,"Drake, 21 Savage",2022,11,4,1652,2,198365537,130,G,Major,77,1,5
941,"Would've, Could've, Should've",Taylor Swift,2022,10,21,1715,0,177503916,158,G,Major,48,43,12
942,Con La Brisa,"Ludwig Goransson, Foudeqush",2022,11,4,486,0,71095708,114,D,Minor,62,51,3
943,Privileged Rappers,"Drake, 21 Savage",2022,11,4,1007,0,112436403,144,F,Major,93,0,20
944,The Astronaut,Jin,2022,10,28,481,9,203436468,125,F,Major,54,0,3
945,BackOutsideBoyz,Drake,2022,11,4,1045,0,93367537,142,F,Minor,85,4,32
946,Broke Boys,"Drake, 21 Savage",2022,11,4,1060,0,106249219,120,D,Major,64,1,27
947,The Great War,Taylor Swift,2022,10,21,1274,0,181382590,96,F,Major,57,22,4
948,My Mind & Me,Selena Gomez,2022,11,3,953,0,91473363,144,A,Major,60,57,3
949,Bigger Than The Whole Sky,Taylor Swift,2022,10,21,1180,0,121871870,166,F#,Major,42,83,6
950,A Veces (feat. Feid),"Feid, Paulo Londra",2022,11,3,573,0,73513683,92,C#,Major,80,4,6
951,En La De Ella,"Feid, Sech, Jhayco",2022,10,20,1320,0,133895612,97,C#,Major,82,8,5
952,Alone,Burna Boy,2022,11,4,782,2,96007391,90,E,Minor,61,15,5
